source,target,cosine,shared_signals,is_created,is_bridge
29c4cb5d-1832-45e3-8434-5d619b3c2c72,df9dcc5e-e809-4ffe-933a-8d6772a72800,0.5133,"",false,false
29c4cb5d-1832-45e3-8434-5d619b3c2c72,b8ace381-cb66-4aa2-b93b-51f1386e7c5f,0.5809,"state:moderno",false,false
29c4cb5d-1832-45e3-8434-5d619b3c2c72,0c7401e0-31ff-414b-a1a5-37788125a8d4,0.5663,"state:impactante",false,false
29c4cb5d-1832-45e3-8434-5d619b3c2c72,1a4e4133-08d3-4676-948c-d018846cde04,0.5440,"",false,false
29c4cb5d-1832-45e3-8434-5d619b3c2c72,559edd31-01ed-47f0-a5f2-a20b4c07cdde,0.5140,"",false,false
29c4cb5d-1832-45e3-8434-5d619b3c2c72,eb61265a-fc7c-4f4f-89b7-ce94f8a7b8e5,0.5174,"",false,false
29c4cb5d-1832-45e3-8434-5d619b3c2c72,39b12e1b-50ba-4376-bb72-05d53d815686,0.5325,"",false,false
29c4cb5d-1832-45e3-8434-5d619b3c2c72,5ed94bf1-6de4-4233-9aee-9fbe1482502c,0.5737,"",false,false
29c4cb5d-1832-45e3-8434-5d619b3c2c72,6db3da82-b45f-40f0-a543-3f1937a9b77d,0.5192,"",false,false
29c4cb5d-1832-45e3-8434-5d619b3c2c72,0c5c54c4-92bf-4d2b-8e84-833bcc4c4de4,0.5184,"",false,false
29c4cb5d-1832-45e3-8434-5d619b3c2c72,c3cd49f1-d0e2-478b-ab04-8e079f1b513b,0.5161,"",false,false
29c4cb5d-1832-45e3-8434-5d619b3c2c72,5401cb7c-08da-446a-b4c1-40989be206ca,0.5349,"",false,false
29c4cb5d-1832-45e3-8434-5d619b3c2c72,90c72c62-9fdd-4ca2-bc89-b327b78c5fc0,0.5567,"",false,false
29c4cb5d-1832-45e3-8434-5d619b3c2c72,a78037ec-26b1-4540-a7c6-afe34f390975,0.5034,"",false,false
29c4cb5d-1832-45e3-8434-5d619b3c2c72,5e238faf-b677-483a-8b3a-e1c4fcf6479f,0.5423,"",false,false
29c4cb5d-1832-45e3-8434-5d619b3c2c72,27891bd3-a828-45a4-bf5a-6b7a8105565c,0.5172,"",false,false
29c4cb5d-1832-45e3-8434-5d619b3c2c72,7b8541cc-1220-4842-92e7-d8bf682b7741,0.5295,"",false,false
29c4cb5d-1832-45e3-8434-5d619b3c2c72,77d039a0-1709-4794-9cde-07991ce82833,0.5052,"",false,false
29c4cb5d-1832-45e3-8434-5d619b3c2c72,9836cde7-2b04-410a-bbe8-5ddba64d38b7,0.5522,"state:preciso",false,false
29c4cb5d-1832-45e3-8434-5d619b3c2c72,71ce5603-a6ce-4357-9eeb-26d9b70a8e24,0.6125,"state:impactante",false,false
29c4cb5d-1832-45e3-8434-5d619b3c2c72,45728069-60a2-44b9-bcbf-a516dbebb011,0.5756,"",false,false
29c4cb5d-1832-45e3-8434-5d619b3c2c72,9bb8de15-9509-476d-bfe3-07958868bd36,0.5248,"",false,false
29c4cb5d-1832-45e3-8434-5d619b3c2c72,3a1a67ed-71b8-483d-bc7f-611710594bba,0.5014,"",false,false
29c4cb5d-1832-45e3-8434-5d619b3c2c72,761e88eb-94c6-4af5-a0fc-f2e54de1a128,0.5356,"",false,false
29c4cb5d-1832-45e3-8434-5d619b3c2c72,d355b2ea-0ffb-4e6b-9043-9bd957f8fa2f,0.5154,"",false,false
29c4cb5d-1832-45e3-8434-5d619b3c2c72,f9102c9f-704c-4773-864b-f499ce9cef6e,0.5158,"",false,false
29c4cb5d-1832-45e3-8434-5d619b3c2c72,129f7722-1cbb-47a7-933c-f53e2380b00a,0.5253,"",false,false
29c4cb5d-1832-45e3-8434-5d619b3c2c72,81b7ffce-c586-4e5a-ae1d-7ce76356a1fd,0.5754,"state:moderno",false,false
29c4cb5d-1832-45e3-8434-5d619b3c2c72,e5320fb2-aec3-4d66-ab76-d75463d19466,0.5302,"state:preciso",false,false
29c4cb5d-1832-45e3-8434-5d619b3c2c72,34a4fff2-8fd5-4910-ab50-6c712f8da4cd,0.5161,"",false,false
29c4cb5d-1832-45e3-8434-5d619b3c2c72,5ad46f54-a6e1-41cd-bef0-7b13fefd400b,0.5529,"",false,false
df9dcc5e-e809-4ffe-933a-8d6772a72800,b8ace381-cb66-4aa2-b93b-51f1386e7c5f,0.5845,"",false,false
df9dcc5e-e809-4ffe-933a-8d6772a72800,0c7401e0-31ff-414b-a1a5-37788125a8d4,0.6610,"",false,false
df9dcc5e-e809-4ffe-933a-8d6772a72800,1a4e4133-08d3-4676-948c-d018846cde04,0.6136,"matter:vinil",false,false
df9dcc5e-e809-4ffe-933a-8d6772a72800,559edd31-01ed-47f0-a5f2-a20b4c07cdde,0.5607,"",false,false
df9dcc5e-e809-4ffe-933a-8d6772a72800,96203f8c-e3e8-4966-9c3d-f7ac9168f992,0.5255,"",false,false
df9dcc5e-e809-4ffe-933a-8d6772a72800,24285c4c-372c-4857-8c1c-658ba0a4b647,0.5605,"matter:ruído digital",false,false
df9dcc5e-e809-4ffe-933a-8d6772a72800,0ebe866b-c55b-4e71-bcde-e5fcd7284fb9,0.6087,"",false,false
df9dcc5e-e809-4ffe-933a-8d6772a72800,61bf0b1b-bca2-4604-9036-c3006b1a9a4a,0.5468,"",false,false
df9dcc5e-e809-4ffe-933a-8d6772a72800,eb61265a-fc7c-4f4f-89b7-ce94f8a7b8e5,0.5607,"",false,false
df9dcc5e-e809-4ffe-933a-8d6772a72800,39b12e1b-50ba-4376-bb72-05d53d815686,0.5152,"",false,false
df9dcc5e-e809-4ffe-933a-8d6772a72800,c4a20d0b-3ee6-417d-962f-ac80bfaed2ef,0.5345,"",false,false
df9dcc5e-e809-4ffe-933a-8d6772a72800,5ed94bf1-6de4-4233-9aee-9fbe1482502c,0.7257,"",true,false
df9dcc5e-e809-4ffe-933a-8d6772a72800,6db3da82-b45f-40f0-a543-3f1937a9b77d,0.5790,"",false,false
df9dcc5e-e809-4ffe-933a-8d6772a72800,b94dea90-0a9d-4b59-9fbc-535749306fd2,0.5375,"",false,false
df9dcc5e-e809-4ffe-933a-8d6772a72800,0c5c54c4-92bf-4d2b-8e84-833bcc4c4de4,0.6324,"matter:vinil",false,false
df9dcc5e-e809-4ffe-933a-8d6772a72800,c374c250-2e51-4b59-906d-3bd36e009aa8,0.5537,"",false,false
df9dcc5e-e809-4ffe-933a-8d6772a72800,009e1ba9-0676-4a07-99df-cbb5564f3c57,0.5564,"",false,false
df9dcc5e-e809-4ffe-933a-8d6772a72800,c3cd49f1-d0e2-478b-ab04-8e079f1b513b,0.5507,"",false,false
df9dcc5e-e809-4ffe-933a-8d6772a72800,5401cb7c-08da-446a-b4c1-40989be206ca,0.6178,"",false,false
df9dcc5e-e809-4ffe-933a-8d6772a72800,90c72c62-9fdd-4ca2-bc89-b327b78c5fc0,0.6299,"state:intenso",false,false
df9dcc5e-e809-4ffe-933a-8d6772a72800,a78037ec-26b1-4540-a7c6-afe34f390975,0.5609,"",false,false
df9dcc5e-e809-4ffe-933a-8d6772a72800,5e238faf-b677-483a-8b3a-e1c4fcf6479f,0.6393,"state:intenso",false,false
df9dcc5e-e809-4ffe-933a-8d6772a72800,27891bd3-a828-45a4-bf5a-6b7a8105565c,0.5090,"",false,false
df9dcc5e-e809-4ffe-933a-8d6772a72800,f5082190-f6b3-468f-bda3-6ba9e8c519ea,0.5799,"",false,false
df9dcc5e-e809-4ffe-933a-8d6772a72800,7b8541cc-1220-4842-92e7-d8bf682b7741,0.5332,"",false,false
df9dcc5e-e809-4ffe-933a-8d6772a72800,77d039a0-1709-4794-9cde-07991ce82833,0.6459,"",false,false
df9dcc5e-e809-4ffe-933a-8d6772a72800,9836cde7-2b04-410a-bbe8-5ddba64d38b7,0.5988,"",false,false
df9dcc5e-e809-4ffe-933a-8d6772a72800,71ce5603-a6ce-4357-9eeb-26d9b70a8e24,0.6195,"",false,false
df9dcc5e-e809-4ffe-933a-8d6772a72800,45728069-60a2-44b9-bcbf-a516dbebb011,0.5271,"",false,false
df9dcc5e-e809-4ffe-933a-8d6772a72800,9bb8de15-9509-476d-bfe3-07958868bd36,0.5844,"state:intenso",false,false
df9dcc5e-e809-4ffe-933a-8d6772a72800,3a1a67ed-71b8-483d-bc7f-611710594bba,0.5163,"",false,false
df9dcc5e-e809-4ffe-933a-8d6772a72800,761e88eb-94c6-4af5-a0fc-f2e54de1a128,0.5173,"",false,false
df9dcc5e-e809-4ffe-933a-8d6772a72800,b3ececeb-b9e2-4131-874c-1a9e8afaa69c,0.6607,"matter:tinta fresca",false,false
df9dcc5e-e809-4ffe-933a-8d6772a72800,d355b2ea-0ffb-4e6b-9043-9bd957f8fa2f,0.6286,"",false,false
df9dcc5e-e809-4ffe-933a-8d6772a72800,f9102c9f-704c-4773-864b-f499ce9cef6e,0.5696,"",false,false
df9dcc5e-e809-4ffe-933a-8d6772a72800,129f7722-1cbb-47a7-933c-f53e2380b00a,0.5076,"",false,false
df9dcc5e-e809-4ffe-933a-8d6772a72800,81b7ffce-c586-4e5a-ae1d-7ce76356a1fd,0.5588,"",false,false
df9dcc5e-e809-4ffe-933a-8d6772a72800,e5320fb2-aec3-4d66-ab76-d75463d19466,0.5011,"",false,false
df9dcc5e-e809-4ffe-933a-8d6772a72800,09b4f387-1616-49ed-83df-04d724d4820f,0.5583,"",false,false
df9dcc5e-e809-4ffe-933a-8d6772a72800,7218cf32-626d-4a24-8724-b242e7b15201,0.7835,"state:agressivo|matter:ruído digital",true,false
df9dcc5e-e809-4ffe-933a-8d6772a72800,34a4fff2-8fd5-4910-ab50-6c712f8da4cd,0.5303,"",false,false
df9dcc5e-e809-4ffe-933a-8d6772a72800,5ad46f54-a6e1-41cd-bef0-7b13fefd400b,0.5303,"",false,false
b8ace381-cb66-4aa2-b93b-51f1386e7c5f,0c7401e0-31ff-414b-a1a5-37788125a8d4,0.6543,"state:ousado",false,false
b8ace381-cb66-4aa2-b93b-51f1386e7c5f,1a4e4133-08d3-4676-948c-d018846cde04,0.6088,"",false,false
b8ace381-cb66-4aa2-b93b-51f1386e7c5f,559edd31-01ed-47f0-a5f2-a20b4c07cdde,0.5960,"",false,false
b8ace381-cb66-4aa2-b93b-51f1386e7c5f,96203f8c-e3e8-4966-9c3d-f7ac9168f992,0.5613,"",false,false
b8ace381-cb66-4aa2-b93b-51f1386e7c5f,24285c4c-372c-4857-8c1c-658ba0a4b647,0.5409,"",false,false
b8ace381-cb66-4aa2-b93b-51f1386e7c5f,0ebe866b-c55b-4e71-bcde-e5fcd7284fb9,0.5855,"",false,false
b8ace381-cb66-4aa2-b93b-51f1386e7c5f,61bf0b1b-bca2-4604-9036-c3006b1a9a4a,0.7414,"mov:ancorar",true,false
b8ace381-cb66-4aa2-b93b-51f1386e7c5f,eb61265a-fc7c-4f4f-89b7-ce94f8a7b8e5,0.6117,"",false,false
b8ace381-cb66-4aa2-b93b-51f1386e7c5f,39b12e1b-50ba-4376-bb72-05d53d815686,0.5737,"",false,false
b8ace381-cb66-4aa2-b93b-51f1386e7c5f,c4a20d0b-3ee6-417d-962f-ac80bfaed2ef,0.5127,"",false,false
b8ace381-cb66-4aa2-b93b-51f1386e7c5f,5ed94bf1-6de4-4233-9aee-9fbe1482502c,0.5791,"",false,false
b8ace381-cb66-4aa2-b93b-51f1386e7c5f,6db3da82-b45f-40f0-a543-3f1937a9b77d,0.5248,"",false,false
b8ace381-cb66-4aa2-b93b-51f1386e7c5f,b94dea90-0a9d-4b59-9fbc-535749306fd2,0.5125,"",false,false
b8ace381-cb66-4aa2-b93b-51f1386e7c5f,0c5c54c4-92bf-4d2b-8e84-833bcc4c4de4,0.5181,"",false,false
b8ace381-cb66-4aa2-b93b-51f1386e7c5f,c374c250-2e51-4b59-906d-3bd36e009aa8,0.6014,"",false,false
b8ace381-cb66-4aa2-b93b-51f1386e7c5f,009e1ba9-0676-4a07-99df-cbb5564f3c57,0.5614,"",false,false
b8ace381-cb66-4aa2-b93b-51f1386e7c5f,c3cd49f1-d0e2-478b-ab04-8e079f1b513b,0.5127,"",false,false
b8ace381-cb66-4aa2-b93b-51f1386e7c5f,5401cb7c-08da-446a-b4c1-40989be206ca,0.6191,"",false,false
b8ace381-cb66-4aa2-b93b-51f1386e7c5f,90c72c62-9fdd-4ca2-bc89-b327b78c5fc0,0.6012,"",false,false
b8ace381-cb66-4aa2-b93b-51f1386e7c5f,a78037ec-26b1-4540-a7c6-afe34f390975,0.6113,"",false,false
b8ace381-cb66-4aa2-b93b-51f1386e7c5f,5e238faf-b677-483a-8b3a-e1c4fcf6479f,0.6775,"state:declarativo",false,false
b8ace381-cb66-4aa2-b93b-51f1386e7c5f,f5082190-f6b3-468f-bda3-6ba9e8c519ea,0.5132,"",false,false
b8ace381-cb66-4aa2-b93b-51f1386e7c5f,7b8541cc-1220-4842-92e7-d8bf682b7741,0.5875,"",false,false
b8ace381-cb66-4aa2-b93b-51f1386e7c5f,77d039a0-1709-4794-9cde-07991ce82833,0.6156,"",false,false
b8ace381-cb66-4aa2-b93b-51f1386e7c5f,9836cde7-2b04-410a-bbe8-5ddba64d38b7,0.6718,"mov:ancorar",false,false
b8ace381-cb66-4aa2-b93b-51f1386e7c5f,71ce5603-a6ce-4357-9eeb-26d9b70a8e24,0.6067,"",false,false
b8ace381-cb66-4aa2-b93b-51f1386e7c5f,580216a0-1ede-4f95-9213-f9b16ceb6e0f,0.5643,"",false,false
b8ace381-cb66-4aa2-b93b-51f1386e7c5f,45728069-60a2-44b9-bcbf-a516dbebb011,0.5413,"",false,false
b8ace381-cb66-4aa2-b93b-51f1386e7c5f,9bb8de15-9509-476d-bfe3-07958868bd36,0.5085,"",false,false
b8ace381-cb66-4aa2-b93b-51f1386e7c5f,3a1a67ed-71b8-483d-bc7f-611710594bba,0.5399,"",false,false
b8ace381-cb66-4aa2-b93b-51f1386e7c5f,761e88eb-94c6-4af5-a0fc-f2e54de1a128,0.6482,"",false,false
b8ace381-cb66-4aa2-b93b-51f1386e7c5f,b3ececeb-b9e2-4131-874c-1a9e8afaa69c,0.6131,"",false,false
b8ace381-cb66-4aa2-b93b-51f1386e7c5f,d355b2ea-0ffb-4e6b-9043-9bd957f8fa2f,0.5789,"",false,false
b8ace381-cb66-4aa2-b93b-51f1386e7c5f,f9102c9f-704c-4773-864b-f499ce9cef6e,0.5435,"",false,false
b8ace381-cb66-4aa2-b93b-51f1386e7c5f,129f7722-1cbb-47a7-933c-f53e2380b00a,0.6065,"",false,false
b8ace381-cb66-4aa2-b93b-51f1386e7c5f,81b7ffce-c586-4e5a-ae1d-7ce76356a1fd,0.5930,"state:moderno",false,false
b8ace381-cb66-4aa2-b93b-51f1386e7c5f,e5320fb2-aec3-4d66-ab76-d75463d19466,0.5248,"",false,false
b8ace381-cb66-4aa2-b93b-51f1386e7c5f,09b4f387-1616-49ed-83df-04d724d4820f,0.5531,"",false,false
b8ace381-cb66-4aa2-b93b-51f1386e7c5f,7218cf32-626d-4a24-8724-b242e7b15201,0.5624,"",false,false
b8ace381-cb66-4aa2-b93b-51f1386e7c5f,34a4fff2-8fd5-4910-ab50-6c712f8da4cd,0.5592,"",false,false
b8ace381-cb66-4aa2-b93b-51f1386e7c5f,5ad46f54-a6e1-41cd-bef0-7b13fefd400b,0.6148,"",false,false
0c7401e0-31ff-414b-a1a5-37788125a8d4,1a4e4133-08d3-4676-948c-d018846cde04,0.7509,"state:energético|mov:saltar",true,false
0c7401e0-31ff-414b-a1a5-37788125a8d4,559edd31-01ed-47f0-a5f2-a20b4c07cdde,0.5684,"",false,false
0c7401e0-31ff-414b-a1a5-37788125a8d4,96203f8c-e3e8-4966-9c3d-f7ac9168f992,0.6253,"",false,false
0c7401e0-31ff-414b-a1a5-37788125a8d4,24285c4c-372c-4857-8c1c-658ba0a4b647,0.5224,"",false,false
0c7401e0-31ff-414b-a1a5-37788125a8d4,0ebe866b-c55b-4e71-bcde-e5fcd7284fb9,0.6235,"state:energético",false,false
0c7401e0-31ff-414b-a1a5-37788125a8d4,61bf0b1b-bca2-4604-9036-c3006b1a9a4a,0.6231,"mov:declarar",false,false
0c7401e0-31ff-414b-a1a5-37788125a8d4,eb61265a-fc7c-4f4f-89b7-ce94f8a7b8e5,0.5675,"",false,false
0c7401e0-31ff-414b-a1a5-37788125a8d4,39b12e1b-50ba-4376-bb72-05d53d815686,0.5719,"",false,false
0c7401e0-31ff-414b-a1a5-37788125a8d4,c4a20d0b-3ee6-417d-962f-ac80bfaed2ef,0.5637,"",false,false
0c7401e0-31ff-414b-a1a5-37788125a8d4,5ed94bf1-6de4-4233-9aee-9fbe1482502c,0.7214,"state:energético|mov:saltar",true,false
0c7401e0-31ff-414b-a1a5-37788125a8d4,6db3da82-b45f-40f0-a543-3f1937a9b77d,0.5712,"",false,false
0c7401e0-31ff-414b-a1a5-37788125a8d4,0c5c54c4-92bf-4d2b-8e84-833bcc4c4de4,0.5689,"",false,false
0c7401e0-31ff-414b-a1a5-37788125a8d4,c374c250-2e51-4b59-906d-3bd36e009aa8,0.6326,"",false,false
0c7401e0-31ff-414b-a1a5-37788125a8d4,009e1ba9-0676-4a07-99df-cbb5564f3c57,0.5944,"",false,false
0c7401e0-31ff-414b-a1a5-37788125a8d4,c3cd49f1-d0e2-478b-ab04-8e079f1b513b,0.6044,"state:energético|matter:vinil brilhante",false,false
0c7401e0-31ff-414b-a1a5-37788125a8d4,5401cb7c-08da-446a-b4c1-40989be206ca,0.5838,"",false,false
0c7401e0-31ff-414b-a1a5-37788125a8d4,90c72c62-9fdd-4ca2-bc89-b327b78c5fc0,0.6295,"",false,false
0c7401e0-31ff-414b-a1a5-37788125a8d4,a78037ec-26b1-4540-a7c6-afe34f390975,0.5874,"",false,false
0c7401e0-31ff-414b-a1a5-37788125a8d4,5e238faf-b677-483a-8b3a-e1c4fcf6479f,0.6443,"",false,false
0c7401e0-31ff-414b-a1a5-37788125a8d4,27891bd3-a828-45a4-bf5a-6b7a8105565c,0.5295,"",false,false
0c7401e0-31ff-414b-a1a5-37788125a8d4,f5082190-f6b3-468f-bda3-6ba9e8c519ea,0.5087,"",false,false
0c7401e0-31ff-414b-a1a5-37788125a8d4,7b8541cc-1220-4842-92e7-d8bf682b7741,0.6024,"",false,false
0c7401e0-31ff-414b-a1a5-37788125a8d4,77d039a0-1709-4794-9cde-07991ce82833,0.5918,"",false,false
0c7401e0-31ff-414b-a1a5-37788125a8d4,9836cde7-2b04-410a-bbe8-5ddba64d38b7,0.6273,"",false,false
0c7401e0-31ff-414b-a1a5-37788125a8d4,71ce5603-a6ce-4357-9eeb-26d9b70a8e24,0.6766,"state:impactante",false,false
0c7401e0-31ff-414b-a1a5-37788125a8d4,45728069-60a2-44b9-bcbf-a516dbebb011,0.5471,"",false,false
0c7401e0-31ff-414b-a1a5-37788125a8d4,9bb8de15-9509-476d-bfe3-07958868bd36,0.5642,"",false,false
0c7401e0-31ff-414b-a1a5-37788125a8d4,3a1a67ed-71b8-483d-bc7f-611710594bba,0.5385,"",false,false
0c7401e0-31ff-414b-a1a5-37788125a8d4,761e88eb-94c6-4af5-a0fc-f2e54de1a128,0.5847,"",false,false
0c7401e0-31ff-414b-a1a5-37788125a8d4,b3ececeb-b9e2-4131-874c-1a9e8afaa69c,0.5939,"",false,false
0c7401e0-31ff-414b-a1a5-37788125a8d4,d355b2ea-0ffb-4e6b-9043-9bd957f8fa2f,0.7356,"mov:saltar|mov:chamar",true,false
0c7401e0-31ff-414b-a1a5-37788125a8d4,f9102c9f-704c-4773-864b-f499ce9cef6e,0.7541,"state:energético",true,false
0c7401e0-31ff-414b-a1a5-37788125a8d4,129f7722-1cbb-47a7-933c-f53e2380b00a,0.5123,"",false,false
0c7401e0-31ff-414b-a1a5-37788125a8d4,81b7ffce-c586-4e5a-ae1d-7ce76356a1fd,0.6231,"",false,false
0c7401e0-31ff-414b-a1a5-37788125a8d4,e5320fb2-aec3-4d66-ab76-d75463d19466,0.5015,"",false,false
0c7401e0-31ff-414b-a1a5-37788125a8d4,09b4f387-1616-49ed-83df-04d724d4820f,0.5915,"",false,false
0c7401e0-31ff-414b-a1a5-37788125a8d4,7218cf32-626d-4a24-8724-b242e7b15201,0.6277,"",false,false
0c7401e0-31ff-414b-a1a5-37788125a8d4,34a4fff2-8fd5-4910-ab50-6c712f8da4cd,0.5675,"",false,false
0c7401e0-31ff-414b-a1a5-37788125a8d4,5ad46f54-a6e1-41cd-bef0-7b13fefd400b,0.5577,"",false,false
1a4e4133-08d3-4676-948c-d018846cde04,559edd31-01ed-47f0-a5f2-a20b4c07cdde,0.5744,"",false,false
1a4e4133-08d3-4676-948c-d018846cde04,96203f8c-e3e8-4966-9c3d-f7ac9168f992,0.6024,"",false,false
1a4e4133-08d3-4676-948c-d018846cde04,24285c4c-372c-4857-8c1c-658ba0a4b647,0.6253,"mov:deslizar|mov:pulsar",false,false
1a4e4133-08d3-4676-948c-d018846cde04,0ebe866b-c55b-4e71-bcde-e5fcd7284fb9,0.7646,"state:energético|mov:pulsar",true,false
1a4e4133-08d3-4676-948c-d018846cde04,61bf0b1b-bca2-4604-9036-c3006b1a9a4a,0.5697,"",false,false
1a4e4133-08d3-4676-948c-d018846cde04,eb61265a-fc7c-4f4f-89b7-ce94f8a7b8e5,0.6052,"state:vibrante",false,false
1a4e4133-08d3-4676-948c-d018846cde04,a462e427-6593-4b04-8909-07003b8a76e9,0.5247,"",false,false
1a4e4133-08d3-4676-948c-d018846cde04,68830f51-7115-4dde-ac53-f6d8be34de1b,0.5006,"",false,false
1a4e4133-08d3-4676-948c-d018846cde04,39b12e1b-50ba-4376-bb72-05d53d815686,0.5955,"matter:plástico",false,false
1a4e4133-08d3-4676-948c-d018846cde04,c4a20d0b-3ee6-417d-962f-ac80bfaed2ef,0.6736,"mov:pulsar",false,false
1a4e4133-08d3-4676-948c-d018846cde04,5ed94bf1-6de4-4233-9aee-9fbe1482502c,0.7287,"state:energético|mov:saltar",true,false
1a4e4133-08d3-4676-948c-d018846cde04,6db3da82-b45f-40f0-a543-3f1937a9b77d,0.5369,"",false,false
1a4e4133-08d3-4676-948c-d018846cde04,0c5c54c4-92bf-4d2b-8e84-833bcc4c4de4,0.5773,"matter:vinil",false,false
1a4e4133-08d3-4676-948c-d018846cde04,c374c250-2e51-4b59-906d-3bd36e009aa8,0.5954,"",false,false
1a4e4133-08d3-4676-948c-d018846cde04,009e1ba9-0676-4a07-99df-cbb5564f3c57,0.5986,"",false,false
1a4e4133-08d3-4676-948c-d018846cde04,c3cd49f1-d0e2-478b-ab04-8e079f1b513b,0.6676,"state:energético",false,false
1a4e4133-08d3-4676-948c-d018846cde04,5401cb7c-08da-446a-b4c1-40989be206ca,0.5681,"",false,false
1a4e4133-08d3-4676-948c-d018846cde04,90c72c62-9fdd-4ca2-bc89-b327b78c5fc0,0.5590,"",false,false
1a4e4133-08d3-4676-948c-d018846cde04,a78037ec-26b1-4540-a7c6-afe34f390975,0.5623,"",false,false
1a4e4133-08d3-4676-948c-d018846cde04,5e238faf-b677-483a-8b3a-e1c4fcf6479f,0.5842,"",false,false
1a4e4133-08d3-4676-948c-d018846cde04,27891bd3-a828-45a4-bf5a-6b7a8105565c,0.5044,"",false,false
1a4e4133-08d3-4676-948c-d018846cde04,7b8541cc-1220-4842-92e7-d8bf682b7741,0.6195,"matter:plástico",false,false
1a4e4133-08d3-4676-948c-d018846cde04,77d039a0-1709-4794-9cde-07991ce82833,0.5656,"",false,false
1a4e4133-08d3-4676-948c-d018846cde04,9836cde7-2b04-410a-bbe8-5ddba64d38b7,0.7358,"matter:plástico|mov:deslizar",true,false
1a4e4133-08d3-4676-948c-d018846cde04,71ce5603-a6ce-4357-9eeb-26d9b70a8e24,0.5605,"",false,false
1a4e4133-08d3-4676-948c-d018846cde04,45728069-60a2-44b9-bcbf-a516dbebb011,0.5446,"",false,false
1a4e4133-08d3-4676-948c-d018846cde04,9bb8de15-9509-476d-bfe3-07958868bd36,0.6411,"mov:pulsar",false,false
1a4e4133-08d3-4676-948c-d018846cde04,3a1a67ed-71b8-483d-bc7f-611710594bba,0.6515,"state:vibrante|mov:pulsar",false,false
1a4e4133-08d3-4676-948c-d018846cde04,761e88eb-94c6-4af5-a0fc-f2e54de1a128,0.6295,"matter:plástico",false,false
1a4e4133-08d3-4676-948c-d018846cde04,b3ececeb-b9e2-4131-874c-1a9e8afaa69c,0.5611,"",false,false
1a4e4133-08d3-4676-948c-d018846cde04,d355b2ea-0ffb-4e6b-9043-9bd957f8fa2f,0.6660,"mov:saltar",false,false
1a4e4133-08d3-4676-948c-d018846cde04,f9102c9f-704c-4773-864b-f499ce9cef6e,0.7113,"state:energético|matter:plástico",false,false
1a4e4133-08d3-4676-948c-d018846cde04,129f7722-1cbb-47a7-933c-f53e2380b00a,0.5718,"mov:deslizar",false,false
1a4e4133-08d3-4676-948c-d018846cde04,81b7ffce-c586-4e5a-ae1d-7ce76356a1fd,0.6330,"",false,false
1a4e4133-08d3-4676-948c-d018846cde04,e5320fb2-aec3-4d66-ab76-d75463d19466,0.5399,"",false,false
1a4e4133-08d3-4676-948c-d018846cde04,09b4f387-1616-49ed-83df-04d724d4820f,0.6442,"mov:pulsar",false,false
1a4e4133-08d3-4676-948c-d018846cde04,7218cf32-626d-4a24-8724-b242e7b15201,0.5781,"",false,false
1a4e4133-08d3-4676-948c-d018846cde04,34a4fff2-8fd5-4910-ab50-6c712f8da4cd,0.5843,"matter:plástico",false,false
1a4e4133-08d3-4676-948c-d018846cde04,5ad46f54-a6e1-41cd-bef0-7b13fefd400b,0.5618,"matter:plástico",false,false
de05fcf5-afb4-423c-82c2-c9ebb81673ae,24285c4c-372c-4857-8c1c-658ba0a4b647,0.5996,"mov:pulsar",false,false
de05fcf5-afb4-423c-82c2-c9ebb81673ae,0ebe866b-c55b-4e71-bcde-e5fcd7284fb9,0.5996,"mov:pulsar",false,false
de05fcf5-afb4-423c-82c2-c9ebb81673ae,a462e427-6593-4b04-8909-07003b8a76e9,0.6033,"state:digital",false,false
de05fcf5-afb4-423c-82c2-c9ebb81673ae,68830f51-7115-4dde-ac53-f6d8be34de1b,0.5753,"",false,false
de05fcf5-afb4-423c-82c2-c9ebb81673ae,7d372b41-9eec-48d5-97fd-28c556d7475a,0.5108,"state:digital",false,false
de05fcf5-afb4-423c-82c2-c9ebb81673ae,39b12e1b-50ba-4376-bb72-05d53d815686,0.5038,"state:digital",false,false
de05fcf5-afb4-423c-82c2-c9ebb81673ae,c4a20d0b-3ee6-417d-962f-ac80bfaed2ef,0.6192,"mov:pulsar",false,false
de05fcf5-afb4-423c-82c2-c9ebb81673ae,b94dea90-0a9d-4b59-9fbc-535749306fd2,0.5781,"matter:pixels",false,false
de05fcf5-afb4-423c-82c2-c9ebb81673ae,c3cd49f1-d0e2-478b-ab04-8e079f1b513b,0.5201,"",false,false
de05fcf5-afb4-423c-82c2-c9ebb81673ae,f5082190-f6b3-468f-bda3-6ba9e8c519ea,0.5590,"matter:pixels",false,false
de05fcf5-afb4-423c-82c2-c9ebb81673ae,9bb8de15-9509-476d-bfe3-07958868bd36,0.7293,"mov:pulsar",true,false
de05fcf5-afb4-423c-82c2-c9ebb81673ae,f9102c9f-704c-4773-864b-f499ce9cef6e,0.5006,"",false,false
de05fcf5-afb4-423c-82c2-c9ebb81673ae,129f7722-1cbb-47a7-933c-f53e2380b00a,0.5982,"state:digital|matter:pixels",false,false
de05fcf5-afb4-423c-82c2-c9ebb81673ae,81b7ffce-c586-4e5a-ae1d-7ce76356a1fd,0.5100,"",false,false
de05fcf5-afb4-423c-82c2-c9ebb81673ae,09b4f387-1616-49ed-83df-04d724d4820f,0.6118,"matter:neon|mov:pulsar",false,false
559edd31-01ed-47f0-a5f2-a20b4c07cdde,96203f8c-e3e8-4966-9c3d-f7ac9168f992,0.6227,"state:acolhedor",false,false
559edd31-01ed-47f0-a5f2-a20b4c07cdde,0ebe866b-c55b-4e71-bcde-e5fcd7284fb9,0.5224,"",false,false
559edd31-01ed-47f0-a5f2-a20b4c07cdde,61bf0b1b-bca2-4604-9036-c3006b1a9a4a,0.5630,"",false,false
559edd31-01ed-47f0-a5f2-a20b4c07cdde,eb61265a-fc7c-4f4f-89b7-ce94f8a7b8e5,0.5231,"",false,false
559edd31-01ed-47f0-a5f2-a20b4c07cdde,39b12e1b-50ba-4376-bb72-05d53d815686,0.5075,"",false,false
559edd31-01ed-47f0-a5f2-a20b4c07cdde,5ed94bf1-6de4-4233-9aee-9fbe1482502c,0.5449,"",false,false
559edd31-01ed-47f0-a5f2-a20b4c07cdde,6db3da82-b45f-40f0-a543-3f1937a9b77d,0.5303,"",false,false
559edd31-01ed-47f0-a5f2-a20b4c07cdde,0c5c54c4-92bf-4d2b-8e84-833bcc4c4de4,0.5681,"",false,false
559edd31-01ed-47f0-a5f2-a20b4c07cdde,c374c250-2e51-4b59-906d-3bd36e009aa8,0.5484,"",false,false
559edd31-01ed-47f0-a5f2-a20b4c07cdde,009e1ba9-0676-4a07-99df-cbb5564f3c57,0.5409,"",false,false
559edd31-01ed-47f0-a5f2-a20b4c07cdde,5401cb7c-08da-446a-b4c1-40989be206ca,0.5486,"",false,false
559edd31-01ed-47f0-a5f2-a20b4c07cdde,90c72c62-9fdd-4ca2-bc89-b327b78c5fc0,0.5193,"",false,false
559edd31-01ed-47f0-a5f2-a20b4c07cdde,a78037ec-26b1-4540-a7c6-afe34f390975,0.5982,"",false,false
559edd31-01ed-47f0-a5f2-a20b4c07cdde,5e238faf-b677-483a-8b3a-e1c4fcf6479f,0.5634,"",false,false
559edd31-01ed-47f0-a5f2-a20b4c07cdde,27891bd3-a828-45a4-bf5a-6b7a8105565c,0.5167,"",false,false
559edd31-01ed-47f0-a5f2-a20b4c07cdde,f5082190-f6b3-468f-bda3-6ba9e8c519ea,0.5056,"",false,false
559edd31-01ed-47f0-a5f2-a20b4c07cdde,7b8541cc-1220-4842-92e7-d8bf682b7741,0.5940,"",false,false
559edd31-01ed-47f0-a5f2-a20b4c07cdde,77d039a0-1709-4794-9cde-07991ce82833,0.5460,"",false,false
559edd31-01ed-47f0-a5f2-a20b4c07cdde,9836cde7-2b04-410a-bbe8-5ddba64d38b7,0.5772,"",false,false
559edd31-01ed-47f0-a5f2-a20b4c07cdde,71ce5603-a6ce-4357-9eeb-26d9b70a8e24,0.5589,"",false,false
559edd31-01ed-47f0-a5f2-a20b4c07cdde,45728069-60a2-44b9-bcbf-a516dbebb011,0.5331,"",false,false
559edd31-01ed-47f0-a5f2-a20b4c07cdde,761e88eb-94c6-4af5-a0fc-f2e54de1a128,0.5609,"",false,false
559edd31-01ed-47f0-a5f2-a20b4c07cdde,b3ececeb-b9e2-4131-874c-1a9e8afaa69c,0.5265,"",false,false
559edd31-01ed-47f0-a5f2-a20b4c07cdde,d355b2ea-0ffb-4e6b-9043-9bd957f8fa2f,0.5598,"",false,false
559edd31-01ed-47f0-a5f2-a20b4c07cdde,f9102c9f-704c-4773-864b-f499ce9cef6e,0.5244,"",false,false
559edd31-01ed-47f0-a5f2-a20b4c07cdde,129f7722-1cbb-47a7-933c-f53e2380b00a,0.5063,"",false,false
559edd31-01ed-47f0-a5f2-a20b4c07cdde,81b7ffce-c586-4e5a-ae1d-7ce76356a1fd,0.5584,"",false,false
559edd31-01ed-47f0-a5f2-a20b4c07cdde,e5320fb2-aec3-4d66-ab76-d75463d19466,0.5024,"",false,false
559edd31-01ed-47f0-a5f2-a20b4c07cdde,7218cf32-626d-4a24-8724-b242e7b15201,0.5160,"",false,false
559edd31-01ed-47f0-a5f2-a20b4c07cdde,34a4fff2-8fd5-4910-ab50-6c712f8da4cd,0.5867,"state:alegre",false,false
559edd31-01ed-47f0-a5f2-a20b4c07cdde,5ad46f54-a6e1-41cd-bef0-7b13fefd400b,0.5834,"",false,false
96203f8c-e3e8-4966-9c3d-f7ac9168f992,0ebe866b-c55b-4e71-bcde-e5fcd7284fb9,0.5356,"",false,false
96203f8c-e3e8-4966-9c3d-f7ac9168f992,61bf0b1b-bca2-4604-9036-c3006b1a9a4a,0.5360,"",false,false
96203f8c-e3e8-4966-9c3d-f7ac9168f992,5ed94bf1-6de4-4233-9aee-9fbe1482502c,0.6186,"",false,false
96203f8c-e3e8-4966-9c3d-f7ac9168f992,6db3da82-b45f-40f0-a543-3f1937a9b77d,0.5484,"",false,false
96203f8c-e3e8-4966-9c3d-f7ac9168f992,0c5c54c4-92bf-4d2b-8e84-833bcc4c4de4,0.5414,"",false,false
96203f8c-e3e8-4966-9c3d-f7ac9168f992,c374c250-2e51-4b59-906d-3bd36e009aa8,0.6011,"state:lúdico",false,false
96203f8c-e3e8-4966-9c3d-f7ac9168f992,009e1ba9-0676-4a07-99df-cbb5564f3c57,0.5101,"",false,false
96203f8c-e3e8-4966-9c3d-f7ac9168f992,5401cb7c-08da-446a-b4c1-40989be206ca,0.5236,"",false,false
96203f8c-e3e8-4966-9c3d-f7ac9168f992,90c72c62-9fdd-4ca2-bc89-b327b78c5fc0,0.5067,"",false,false
96203f8c-e3e8-4966-9c3d-f7ac9168f992,5e238faf-b677-483a-8b3a-e1c4fcf6479f,0.5233,"",false,false
96203f8c-e3e8-4966-9c3d-f7ac9168f992,7b8541cc-1220-4842-92e7-d8bf682b7741,0.5129,"",false,false
96203f8c-e3e8-4966-9c3d-f7ac9168f992,77d039a0-1709-4794-9cde-07991ce82833,0.5057,"",false,false
96203f8c-e3e8-4966-9c3d-f7ac9168f992,9836cde7-2b04-410a-bbe8-5ddba64d38b7,0.5590,"",false,false
96203f8c-e3e8-4966-9c3d-f7ac9168f992,71ce5603-a6ce-4357-9eeb-26d9b70a8e24,0.5345,"",false,false
96203f8c-e3e8-4966-9c3d-f7ac9168f992,3a1a67ed-71b8-483d-bc7f-611710594bba,0.5461,"",false,false
96203f8c-e3e8-4966-9c3d-f7ac9168f992,761e88eb-94c6-4af5-a0fc-f2e54de1a128,0.5211,"",false,false
96203f8c-e3e8-4966-9c3d-f7ac9168f992,b3ececeb-b9e2-4131-874c-1a9e8afaa69c,0.5008,"",false,false
96203f8c-e3e8-4966-9c3d-f7ac9168f992,d355b2ea-0ffb-4e6b-9043-9bd957f8fa2f,0.5931,"",false,false
96203f8c-e3e8-4966-9c3d-f7ac9168f992,f9102c9f-704c-4773-864b-f499ce9cef6e,0.5432,"",false,false
96203f8c-e3e8-4966-9c3d-f7ac9168f992,81b7ffce-c586-4e5a-ae1d-7ce76356a1fd,0.5667,"mov:flutuar",false,false
96203f8c-e3e8-4966-9c3d-f7ac9168f992,09b4f387-1616-49ed-83df-04d724d4820f,0.5104,"",false,false
96203f8c-e3e8-4966-9c3d-f7ac9168f992,7218cf32-626d-4a24-8724-b242e7b15201,0.5963,"",false,false
96203f8c-e3e8-4966-9c3d-f7ac9168f992,34a4fff2-8fd5-4910-ab50-6c712f8da4cd,0.5389,"",false,false
24285c4c-372c-4857-8c1c-658ba0a4b647,0ebe866b-c55b-4e71-bcde-e5fcd7284fb9,0.7560,"mov:pulsar",true,false
24285c4c-372c-4857-8c1c-658ba0a4b647,61bf0b1b-bca2-4604-9036-c3006b1a9a4a,0.5114,"",false,false
24285c4c-372c-4857-8c1c-658ba0a4b647,eb61265a-fc7c-4f4f-89b7-ce94f8a7b8e5,0.5430,"",false,false
24285c4c-372c-4857-8c1c-658ba0a4b647,a462e427-6593-4b04-8909-07003b8a76e9,0.5073,"",false,false
24285c4c-372c-4857-8c1c-658ba0a4b647,68830f51-7115-4dde-ac53-f6d8be34de1b,0.5545,"",false,false
24285c4c-372c-4857-8c1c-658ba0a4b647,39b12e1b-50ba-4376-bb72-05d53d815686,0.5491,"",false,false
24285c4c-372c-4857-8c1c-658ba0a4b647,c4a20d0b-3ee6-417d-962f-ac80bfaed2ef,0.5940,"mov:pulsar",false,false
24285c4c-372c-4857-8c1c-658ba0a4b647,5ed94bf1-6de4-4233-9aee-9fbe1482502c,0.5937,"state:dinâmico",false,false
24285c4c-372c-4857-8c1c-658ba0a4b647,6db3da82-b45f-40f0-a543-3f1937a9b77d,0.5184,"",false,false
24285c4c-372c-4857-8c1c-658ba0a4b647,b94dea90-0a9d-4b59-9fbc-535749306fd2,0.5865,"",false,false
24285c4c-372c-4857-8c1c-658ba0a4b647,0c5c54c4-92bf-4d2b-8e84-833bcc4c4de4,0.5053,"",false,false
24285c4c-372c-4857-8c1c-658ba0a4b647,c374c250-2e51-4b59-906d-3bd36e009aa8,0.5604,"",false,false
24285c4c-372c-4857-8c1c-658ba0a4b647,009e1ba9-0676-4a07-99df-cbb5564f3c57,0.5896,"state:fragmentado",false,false
24285c4c-372c-4857-8c1c-658ba0a4b647,c3cd49f1-d0e2-478b-ab04-8e079f1b513b,0.5686,"",false,false
24285c4c-372c-4857-8c1c-658ba0a4b647,5401cb7c-08da-446a-b4c1-40989be206ca,0.5476,"",false,false
24285c4c-372c-4857-8c1c-658ba0a4b647,90c72c62-9fdd-4ca2-bc89-b327b78c5fc0,0.5618,"",false,false
24285c4c-372c-4857-8c1c-658ba0a4b647,a78037ec-26b1-4540-a7c6-afe34f390975,0.5247,"",false,false
24285c4c-372c-4857-8c1c-658ba0a4b647,5e238faf-b677-483a-8b3a-e1c4fcf6479f,0.5211,"",false,false
24285c4c-372c-4857-8c1c-658ba0a4b647,27891bd3-a828-45a4-bf5a-6b7a8105565c,0.5127,"",false,false
24285c4c-372c-4857-8c1c-658ba0a4b647,f5082190-f6b3-468f-bda3-6ba9e8c519ea,0.5791,"state:fragmentado",false,false
24285c4c-372c-4857-8c1c-658ba0a4b647,77d039a0-1709-4794-9cde-07991ce82833,0.6236,"state:fragmentado",false,false
24285c4c-372c-4857-8c1c-658ba0a4b647,9836cde7-2b04-410a-bbe8-5ddba64d38b7,0.5984,"mov:deslizar",false,false
24285c4c-372c-4857-8c1c-658ba0a4b647,71ce5603-a6ce-4357-9eeb-26d9b70a8e24,0.5315,"",false,false
24285c4c-372c-4857-8c1c-658ba0a4b647,45728069-60a2-44b9-bcbf-a516dbebb011,0.5774,"state:fragmentado",false,false
24285c4c-372c-4857-8c1c-658ba0a4b647,9bb8de15-9509-476d-bfe3-07958868bd36,0.6362,"mov:pulsar",false,false
24285c4c-372c-4857-8c1c-658ba0a4b647,3a1a67ed-71b8-483d-bc7f-611710594bba,0.5711,"mov:pulsar",false,false
24285c4c-372c-4857-8c1c-658ba0a4b647,761e88eb-94c6-4af5-a0fc-f2e54de1a128,0.5120,"",false,false
24285c4c-372c-4857-8c1c-658ba0a4b647,b3ececeb-b9e2-4131-874c-1a9e8afaa69c,0.6505,"state:fragmentado",false,false
24285c4c-372c-4857-8c1c-658ba0a4b647,d355b2ea-0ffb-4e6b-9043-9bd957f8fa2f,0.5458,"",false,false
24285c4c-372c-4857-8c1c-658ba0a4b647,f9102c9f-704c-4773-864b-f499ce9cef6e,0.5581,"",false,false
24285c4c-372c-4857-8c1c-658ba0a4b647,129f7722-1cbb-47a7-933c-f53e2380b00a,0.6033,"mov:deslizar",false,false
24285c4c-372c-4857-8c1c-658ba0a4b647,81b7ffce-c586-4e5a-ae1d-7ce76356a1fd,0.5508,"",false,false
24285c4c-372c-4857-8c1c-658ba0a4b647,e5320fb2-aec3-4d66-ab76-d75463d19466,0.5126,"",false,false
24285c4c-372c-4857-8c1c-658ba0a4b647,09b4f387-1616-49ed-83df-04d724d4820f,0.6615,"mov:pulsar",false,false
24285c4c-372c-4857-8c1c-658ba0a4b647,7218cf32-626d-4a24-8724-b242e7b15201,0.5942,"matter:ruído digital",false,false
24285c4c-372c-4857-8c1c-658ba0a4b647,34a4fff2-8fd5-4910-ab50-6c712f8da4cd,0.5273,"",false,false
24285c4c-372c-4857-8c1c-658ba0a4b647,5ad46f54-a6e1-41cd-bef0-7b13fefd400b,0.5098,"",false,false
0ebe866b-c55b-4e71-bcde-e5fcd7284fb9,61bf0b1b-bca2-4604-9036-c3006b1a9a4a,0.5639,"",false,false
0ebe866b-c55b-4e71-bcde-e5fcd7284fb9,eb61265a-fc7c-4f4f-89b7-ce94f8a7b8e5,0.6690,"matter:luz neon|mov:desfocar|mov:sobrepor",false,false
0ebe866b-c55b-4e71-bcde-e5fcd7284fb9,a462e427-6593-4b04-8909-07003b8a76e9,0.5677,"",false,false
0ebe866b-c55b-4e71-bcde-e5fcd7284fb9,68830f51-7115-4dde-ac53-f6d8be34de1b,0.5768,"",false,false
0ebe866b-c55b-4e71-bcde-e5fcd7284fb9,39b12e1b-50ba-4376-bb72-05d53d815686,0.6235,"",false,false
0ebe866b-c55b-4e71-bcde-e5fcd7284fb9,c4a20d0b-3ee6-417d-962f-ac80bfaed2ef,0.6708,"matter:luz neon|mov:pulsar",false,false
0ebe866b-c55b-4e71-bcde-e5fcd7284fb9,5ed94bf1-6de4-4233-9aee-9fbe1482502c,0.6452,"state:energético",false,false
0ebe866b-c55b-4e71-bcde-e5fcd7284fb9,6db3da82-b45f-40f0-a543-3f1937a9b77d,0.5870,"",false,false
0ebe866b-c55b-4e71-bcde-e5fcd7284fb9,b94dea90-0a9d-4b59-9fbc-535749306fd2,0.5655,"",false,false
0ebe866b-c55b-4e71-bcde-e5fcd7284fb9,0c5c54c4-92bf-4d2b-8e84-833bcc4c4de4,0.5880,"",false,false
0ebe866b-c55b-4e71-bcde-e5fcd7284fb9,c374c250-2e51-4b59-906d-3bd36e009aa8,0.5867,"",false,false
0ebe866b-c55b-4e71-bcde-e5fcd7284fb9,009e1ba9-0676-4a07-99df-cbb5564f3c57,0.6432,"state:caótico",false,false
0ebe866b-c55b-4e71-bcde-e5fcd7284fb9,c3cd49f1-d0e2-478b-ab04-8e079f1b513b,0.6747,"state:energético",false,false
0ebe866b-c55b-4e71-bcde-e5fcd7284fb9,5401cb7c-08da-446a-b4c1-40989be206ca,0.6370,"mov:sobrepor",false,false
0ebe866b-c55b-4e71-bcde-e5fcd7284fb9,90c72c62-9fdd-4ca2-bc89-b327b78c5fc0,0.6501,"mov:sobrepor",false,false
0ebe866b-c55b-4e71-bcde-e5fcd7284fb9,a78037ec-26b1-4540-a7c6-afe34f390975,0.5615,"",false,false
0ebe866b-c55b-4e71-bcde-e5fcd7284fb9,5e238faf-b677-483a-8b3a-e1c4fcf6479f,0.5765,"",false,false
0ebe866b-c55b-4e71-bcde-e5fcd7284fb9,27891bd3-a828-45a4-bf5a-6b7a8105565c,0.5325,"",false,false
0ebe866b-c55b-4e71-bcde-e5fcd7284fb9,291bb266-687f-4ca1-a7da-e45c010d7790,0.5127,"",false,false
0ebe866b-c55b-4e71-bcde-e5fcd7284fb9,f5082190-f6b3-468f-bda3-6ba9e8c519ea,0.5787,"",false,false
0ebe866b-c55b-4e71-bcde-e5fcd7284fb9,7b8541cc-1220-4842-92e7-d8bf682b7741,0.5693,"",false,false
0ebe866b-c55b-4e71-bcde-e5fcd7284fb9,77d039a0-1709-4794-9cde-07991ce82833,0.6928,"state:caótico|mov:sobrepor",false,false
0ebe866b-c55b-4e71-bcde-e5fcd7284fb9,9836cde7-2b04-410a-bbe8-5ddba64d38b7,0.6261,"",false,false
0ebe866b-c55b-4e71-bcde-e5fcd7284fb9,71ce5603-a6ce-4357-9eeb-26d9b70a8e24,0.5616,"",false,false
0ebe866b-c55b-4e71-bcde-e5fcd7284fb9,45728069-60a2-44b9-bcbf-a516dbebb011,0.5386,"",false,false
0ebe866b-c55b-4e71-bcde-e5fcd7284fb9,9bb8de15-9509-476d-bfe3-07958868bd36,0.7881,"matter:luz neon|mov:pulsar",true,false
0ebe866b-c55b-4e71-bcde-e5fcd7284fb9,3a1a67ed-71b8-483d-bc7f-611710594bba,0.6606,"mov:pulsar",false,false
0ebe866b-c55b-4e71-bcde-e5fcd7284fb9,761e88eb-94c6-4af5-a0fc-f2e54de1a128,0.5839,"",false,false
0ebe866b-c55b-4e71-bcde-e5fcd7284fb9,b3ececeb-b9e2-4131-874c-1a9e8afaa69c,0.6635,"state:caótico|mov:sobrepor",false,false
0ebe866b-c55b-4e71-bcde-e5fcd7284fb9,d355b2ea-0ffb-4e6b-9043-9bd957f8fa2f,0.6461,"",false,false
0ebe866b-c55b-4e71-bcde-e5fcd7284fb9,f9102c9f-704c-4773-864b-f499ce9cef6e,0.7321,"state:energético|matter:luz neon",true,false
0ebe866b-c55b-4e71-bcde-e5fcd7284fb9,129f7722-1cbb-47a7-933c-f53e2380b00a,0.6133,"",false,false
0ebe866b-c55b-4e71-bcde-e5fcd7284fb9,81b7ffce-c586-4e5a-ae1d-7ce76356a1fd,0.6196,"",false,false
0ebe866b-c55b-4e71-bcde-e5fcd7284fb9,e5320fb2-aec3-4d66-ab76-d75463d19466,0.5228,"",false,false
0ebe866b-c55b-4e71-bcde-e5fcd7284fb9,09b4f387-1616-49ed-83df-04d724d4820f,0.7553,"mov:pulsar",true,false
0ebe866b-c55b-4e71-bcde-e5fcd7284fb9,7218cf32-626d-4a24-8724-b242e7b15201,0.6340,"state:caótico",false,false
0ebe866b-c55b-4e71-bcde-e5fcd7284fb9,34a4fff2-8fd5-4910-ab50-6c712f8da4cd,0.5621,"",false,false
0ebe866b-c55b-4e71-bcde-e5fcd7284fb9,5ad46f54-a6e1-41cd-bef0-7b13fefd400b,0.5516,"",false,false
61bf0b1b-bca2-4604-9036-c3006b1a9a4a,39b12e1b-50ba-4376-bb72-05d53d815686,0.5427,"",false,false
61bf0b1b-bca2-4604-9036-c3006b1a9a4a,c4a20d0b-3ee6-417d-962f-ac80bfaed2ef,0.5045,"",false,false
61bf0b1b-bca2-4604-9036-c3006b1a9a4a,5ed94bf1-6de4-4233-9aee-9fbe1482502c,0.5466,"",false,false
61bf0b1b-bca2-4604-9036-c3006b1a9a4a,6db3da82-b45f-40f0-a543-3f1937a9b77d,0.5520,"",false,false
61bf0b1b-bca2-4604-9036-c3006b1a9a4a,0c5c54c4-92bf-4d2b-8e84-833bcc4c4de4,0.5211,"",false,false
61bf0b1b-bca2-4604-9036-c3006b1a9a4a,c374c250-2e51-4b59-906d-3bd36e009aa8,0.5407,"",false,false
61bf0b1b-bca2-4604-9036-c3006b1a9a4a,009e1ba9-0676-4a07-99df-cbb5564f3c57,0.5167,"",false,false
61bf0b1b-bca2-4604-9036-c3006b1a9a4a,5401cb7c-08da-446a-b4c1-40989be206ca,0.6350,"matter:papel|matter:tinta",false,false
61bf0b1b-bca2-4604-9036-c3006b1a9a4a,90c72c62-9fdd-4ca2-bc89-b327b78c5fc0,0.5954,"",false,false
61bf0b1b-bca2-4604-9036-c3006b1a9a4a,a78037ec-26b1-4540-a7c6-afe34f390975,0.6439,"matter:papel|matter:tinta",false,false
61bf0b1b-bca2-4604-9036-c3006b1a9a4a,5e238faf-b677-483a-8b3a-e1c4fcf6479f,0.6840,"matter:papel|matter:tinta",false,false
61bf0b1b-bca2-4604-9036-c3006b1a9a4a,27891bd3-a828-45a4-bf5a-6b7a8105565c,0.5929,"mov:registrar",false,false
61bf0b1b-bca2-4604-9036-c3006b1a9a4a,7b8541cc-1220-4842-92e7-d8bf682b7741,0.5446,"",false,false
61bf0b1b-bca2-4604-9036-c3006b1a9a4a,77d039a0-1709-4794-9cde-07991ce82833,0.5995,"",false,false
61bf0b1b-bca2-4604-9036-c3006b1a9a4a,9836cde7-2b04-410a-bbe8-5ddba64d38b7,0.6573,"mov:ancorar",false,false
61bf0b1b-bca2-4604-9036-c3006b1a9a4a,71ce5603-a6ce-4357-9eeb-26d9b70a8e24,0.5541,"",false,false
61bf0b1b-bca2-4604-9036-c3006b1a9a4a,580216a0-1ede-4f95-9213-f9b16ceb6e0f,0.5903,"state:formal",false,false
61bf0b1b-bca2-4604-9036-c3006b1a9a4a,45728069-60a2-44b9-bcbf-a516dbebb011,0.5151,"matter:tinta",false,false
61bf0b1b-bca2-4604-9036-c3006b1a9a4a,3a1a67ed-71b8-483d-bc7f-611710594bba,0.5560,"",false,false
61bf0b1b-bca2-4604-9036-c3006b1a9a4a,761e88eb-94c6-4af5-a0fc-f2e54de1a128,0.6171,"matter:papel",false,false
61bf0b1b-bca2-4604-9036-c3006b1a9a4a,b3ececeb-b9e2-4131-874c-1a9e8afaa69c,0.5847,"",false,false
61bf0b1b-bca2-4604-9036-c3006b1a9a4a,d355b2ea-0ffb-4e6b-9043-9bd957f8fa2f,0.5613,"",false,false
61bf0b1b-bca2-4604-9036-c3006b1a9a4a,f9102c9f-704c-4773-864b-f499ce9cef6e,0.5548,"matter:tinta",false,false
61bf0b1b-bca2-4604-9036-c3006b1a9a4a,129f7722-1cbb-47a7-933c-f53e2380b00a,0.5831,"matter:papel",false,false
61bf0b1b-bca2-4604-9036-c3006b1a9a4a,81b7ffce-c586-4e5a-ae1d-7ce76356a1fd,0.5422,"",false,false
61bf0b1b-bca2-4604-9036-c3006b1a9a4a,09b4f387-1616-49ed-83df-04d724d4820f,0.5312,"",false,false
61bf0b1b-bca2-4604-9036-c3006b1a9a4a,7218cf32-626d-4a24-8724-b242e7b15201,0.5927,"",false,false
61bf0b1b-bca2-4604-9036-c3006b1a9a4a,34a4fff2-8fd5-4910-ab50-6c712f8da4cd,0.5442,"",false,false
61bf0b1b-bca2-4604-9036-c3006b1a9a4a,5ad46f54-a6e1-41cd-bef0-7b13fefd400b,0.6326,"matter:papel",false,false
eb61265a-fc7c-4f4f-89b7-ce94f8a7b8e5,a462e427-6593-4b04-8909-07003b8a76e9,0.5048,"",false,false
eb61265a-fc7c-4f4f-89b7-ce94f8a7b8e5,39b12e1b-50ba-4376-bb72-05d53d815686,0.5551,"",false,false
eb61265a-fc7c-4f4f-89b7-ce94f8a7b8e5,c4a20d0b-3ee6-417d-962f-ac80bfaed2ef,0.5712,"matter:luz neon",false,false
eb61265a-fc7c-4f4f-89b7-ce94f8a7b8e5,5ed94bf1-6de4-4233-9aee-9fbe1482502c,0.5713,"",false,false
eb61265a-fc7c-4f4f-89b7-ce94f8a7b8e5,6db3da82-b45f-40f0-a543-3f1937a9b77d,0.5664,"",false,false
eb61265a-fc7c-4f4f-89b7-ce94f8a7b8e5,b94dea90-0a9d-4b59-9fbc-535749306fd2,0.5249,"",false,false
eb61265a-fc7c-4f4f-89b7-ce94f8a7b8e5,0c5c54c4-92bf-4d2b-8e84-833bcc4c4de4,0.5505,"",false,false
eb61265a-fc7c-4f4f-89b7-ce94f8a7b8e5,c374c250-2e51-4b59-906d-3bd36e009aa8,0.5587,"",false,false
eb61265a-fc7c-4f4f-89b7-ce94f8a7b8e5,009e1ba9-0676-4a07-99df-cbb5564f3c57,0.5728,"",false,false
eb61265a-fc7c-4f4f-89b7-ce94f8a7b8e5,c3cd49f1-d0e2-478b-ab04-8e079f1b513b,0.6453,"",false,false
eb61265a-fc7c-4f4f-89b7-ce94f8a7b8e5,5401cb7c-08da-446a-b4c1-40989be206ca,0.6033,"mov:sobrepor",false,false
eb61265a-fc7c-4f4f-89b7-ce94f8a7b8e5,90c72c62-9fdd-4ca2-bc89-b327b78c5fc0,0.5986,"mov:sobrepor",false,false
eb61265a-fc7c-4f4f-89b7-ce94f8a7b8e5,a78037ec-26b1-4540-a7c6-afe34f390975,0.5327,"",false,false
eb61265a-fc7c-4f4f-89b7-ce94f8a7b8e5,5e238faf-b677-483a-8b3a-e1c4fcf6479f,0.5682,"",false,false
eb61265a-fc7c-4f4f-89b7-ce94f8a7b8e5,f5082190-f6b3-468f-bda3-6ba9e8c519ea,0.5313,"",false,false
eb61265a-fc7c-4f4f-89b7-ce94f8a7b8e5,7b8541cc-1220-4842-92e7-d8bf682b7741,0.5792,"",false,false
eb61265a-fc7c-4f4f-89b7-ce94f8a7b8e5,77d039a0-1709-4794-9cde-07991ce82833,0.5829,"mov:sobrepor",false,false
eb61265a-fc7c-4f4f-89b7-ce94f8a7b8e5,9836cde7-2b04-410a-bbe8-5ddba64d38b7,0.5703,"",false,false
eb61265a-fc7c-4f4f-89b7-ce94f8a7b8e5,71ce5603-a6ce-4357-9eeb-26d9b70a8e24,0.5518,"",false,false
eb61265a-fc7c-4f4f-89b7-ce94f8a7b8e5,45728069-60a2-44b9-bcbf-a516dbebb011,0.5122,"",false,false
eb61265a-fc7c-4f4f-89b7-ce94f8a7b8e5,9bb8de15-9509-476d-bfe3-07958868bd36,0.5776,"matter:luz neon",false,false
eb61265a-fc7c-4f4f-89b7-ce94f8a7b8e5,3a1a67ed-71b8-483d-bc7f-611710594bba,0.5226,"state:vibrante",false,false
eb61265a-fc7c-4f4f-89b7-ce94f8a7b8e5,761e88eb-94c6-4af5-a0fc-f2e54de1a128,0.5699,"",false,false
eb61265a-fc7c-4f4f-89b7-ce94f8a7b8e5,b3ececeb-b9e2-4131-874c-1a9e8afaa69c,0.5977,"mov:sobrepor",false,false
eb61265a-fc7c-4f4f-89b7-ce94f8a7b8e5,d355b2ea-0ffb-4e6b-9043-9bd957f8fa2f,0.5598,"",false,false
eb61265a-fc7c-4f4f-89b7-ce94f8a7b8e5,f9102c9f-704c-4773-864b-f499ce9cef6e,0.5958,"matter:luz neon",false,false
eb61265a-fc7c-4f4f-89b7-ce94f8a7b8e5,129f7722-1cbb-47a7-933c-f53e2380b00a,0.5698,"",false,false
eb61265a-fc7c-4f4f-89b7-ce94f8a7b8e5,81b7ffce-c586-4e5a-ae1d-7ce76356a1fd,0.5892,"",false,false
eb61265a-fc7c-4f4f-89b7-ce94f8a7b8e5,e5320fb2-aec3-4d66-ab76-d75463d19466,0.5003,"",false,false
eb61265a-fc7c-4f4f-89b7-ce94f8a7b8e5,09b4f387-1616-49ed-83df-04d724d4820f,0.6138,"",false,false
eb61265a-fc7c-4f4f-89b7-ce94f8a7b8e5,34a4fff2-8fd5-4910-ab50-6c712f8da4cd,0.5979,"",false,false
eb61265a-fc7c-4f4f-89b7-ce94f8a7b8e5,5ad46f54-a6e1-41cd-bef0-7b13fefd400b,0.5252,"",false,false
a462e427-6593-4b04-8909-07003b8a76e9,68830f51-7115-4dde-ac53-f6d8be34de1b,0.5982,"",false,false
a462e427-6593-4b04-8909-07003b8a76e9,c4a20d0b-3ee6-417d-962f-ac80bfaed2ef,0.5426,"",false,false
a462e427-6593-4b04-8909-07003b8a76e9,5ed94bf1-6de4-4233-9aee-9fbe1482502c,0.5172,"",false,false
a462e427-6593-4b04-8909-07003b8a76e9,b94dea90-0a9d-4b59-9fbc-535749306fd2,0.5269,"",false,false
a462e427-6593-4b04-8909-07003b8a76e9,009e1ba9-0676-4a07-99df-cbb5564f3c57,0.5077,"",false,false
a462e427-6593-4b04-8909-07003b8a76e9,c3cd49f1-d0e2-478b-ab04-8e079f1b513b,0.5724,"",false,false
a462e427-6593-4b04-8909-07003b8a76e9,291bb266-687f-4ca1-a7da-e45c010d7790,0.5404,"",false,false
a462e427-6593-4b04-8909-07003b8a76e9,9bb8de15-9509-476d-bfe3-07958868bd36,0.5916,"",false,false
a462e427-6593-4b04-8909-07003b8a76e9,3a1a67ed-71b8-483d-bc7f-611710594bba,0.5601,"",false,false
a462e427-6593-4b04-8909-07003b8a76e9,d355b2ea-0ffb-4e6b-9043-9bd957f8fa2f,0.5073,"",false,false
a462e427-6593-4b04-8909-07003b8a76e9,f9102c9f-704c-4773-864b-f499ce9cef6e,0.5674,"",false,false
a462e427-6593-4b04-8909-07003b8a76e9,129f7722-1cbb-47a7-933c-f53e2380b00a,0.5373,"state:digital",false,false
a462e427-6593-4b04-8909-07003b8a76e9,81b7ffce-c586-4e5a-ae1d-7ce76356a1fd,0.5120,"",false,false
a462e427-6593-4b04-8909-07003b8a76e9,09b4f387-1616-49ed-83df-04d724d4820f,0.5251,"",false,false
a462e427-6593-4b04-8909-07003b8a76e9,34a4fff2-8fd5-4910-ab50-6c712f8da4cd,0.5198,"state:digital",false,false
68830f51-7115-4dde-ac53-f6d8be34de1b,39b12e1b-50ba-4376-bb72-05d53d815686,0.5269,"",false,false
68830f51-7115-4dde-ac53-f6d8be34de1b,c4a20d0b-3ee6-417d-962f-ac80bfaed2ef,0.5209,"",false,false
68830f51-7115-4dde-ac53-f6d8be34de1b,b94dea90-0a9d-4b59-9fbc-535749306fd2,0.5107,"",false,false
68830f51-7115-4dde-ac53-f6d8be34de1b,009e1ba9-0676-4a07-99df-cbb5564f3c57,0.5276,"",false,false
68830f51-7115-4dde-ac53-f6d8be34de1b,c3cd49f1-d0e2-478b-ab04-8e079f1b513b,0.5243,"",false,false
68830f51-7115-4dde-ac53-f6d8be34de1b,291bb266-687f-4ca1-a7da-e45c010d7790,0.6197,"state:intense|mov:pulsing",false,false
68830f51-7115-4dde-ac53-f6d8be34de1b,9836cde7-2b04-410a-bbe8-5ddba64d38b7,0.5207,"",false,false
68830f51-7115-4dde-ac53-f6d8be34de1b,9bb8de15-9509-476d-bfe3-07958868bd36,0.5688,"",false,false
68830f51-7115-4dde-ac53-f6d8be34de1b,f9102c9f-704c-4773-864b-f499ce9cef6e,0.5172,"",false,false
68830f51-7115-4dde-ac53-f6d8be34de1b,81b7ffce-c586-4e5a-ae1d-7ce76356a1fd,0.5253,"",false,false
68830f51-7115-4dde-ac53-f6d8be34de1b,09b4f387-1616-49ed-83df-04d724d4820f,0.5249,"",false,false
7d372b41-9eec-48d5-97fd-28c556d7475a,39b12e1b-50ba-4376-bb72-05d53d815686,0.5520,"state:digital",false,false
7d372b41-9eec-48d5-97fd-28c556d7475a,5ed94bf1-6de4-4233-9aee-9fbe1482502c,0.5329,"",false,false
7d372b41-9eec-48d5-97fd-28c556d7475a,b94dea90-0a9d-4b59-9fbc-535749306fd2,0.5872,"",false,false
7d372b41-9eec-48d5-97fd-28c556d7475a,009e1ba9-0676-4a07-99df-cbb5564f3c57,0.5091,"",false,false
7d372b41-9eec-48d5-97fd-28c556d7475a,5401cb7c-08da-446a-b4c1-40989be206ca,0.5443,"",false,false
7d372b41-9eec-48d5-97fd-28c556d7475a,a78037ec-26b1-4540-a7c6-afe34f390975,0.5055,"",false,false
7d372b41-9eec-48d5-97fd-28c556d7475a,5e238faf-b677-483a-8b3a-e1c4fcf6479f,0.5029,"",false,false
7d372b41-9eec-48d5-97fd-28c556d7475a,27891bd3-a828-45a4-bf5a-6b7a8105565c,0.6232,"matter:dados",false,false
7d372b41-9eec-48d5-97fd-28c556d7475a,f5082190-f6b3-468f-bda3-6ba9e8c519ea,0.5495,"",false,false
7d372b41-9eec-48d5-97fd-28c556d7475a,7b8541cc-1220-4842-92e7-d8bf682b7741,0.5657,"",false,false
7d372b41-9eec-48d5-97fd-28c556d7475a,77d039a0-1709-4794-9cde-07991ce82833,0.5038,"",false,false
7d372b41-9eec-48d5-97fd-28c556d7475a,9836cde7-2b04-410a-bbe8-5ddba64d38b7,0.5330,"",false,false
7d372b41-9eec-48d5-97fd-28c556d7475a,9bb8de15-9509-476d-bfe3-07958868bd36,0.5108,"",false,false
7d372b41-9eec-48d5-97fd-28c556d7475a,761e88eb-94c6-4af5-a0fc-f2e54de1a128,0.5375,"",false,false
7d372b41-9eec-48d5-97fd-28c556d7475a,b3ececeb-b9e2-4131-874c-1a9e8afaa69c,0.5034,"",false,false
7d372b41-9eec-48d5-97fd-28c556d7475a,129f7722-1cbb-47a7-933c-f53e2380b00a,0.6958,"state:digital",false,false
7d372b41-9eec-48d5-97fd-28c556d7475a,e5320fb2-aec3-4d66-ab76-d75463d19466,0.7478,"state:analítico|matter:dados|mov:processando",true,false
7d372b41-9eec-48d5-97fd-28c556d7475a,34a4fff2-8fd5-4910-ab50-6c712f8da4cd,0.6052,"state:digital",false,false
7d372b41-9eec-48d5-97fd-28c556d7475a,5ad46f54-a6e1-41cd-bef0-7b13fefd400b,0.5728,"",false,false
39b12e1b-50ba-4376-bb72-05d53d815686,c4a20d0b-3ee6-417d-962f-ac80bfaed2ef,0.5115,"",false,false
39b12e1b-50ba-4376-bb72-05d53d815686,5ed94bf1-6de4-4233-9aee-9fbe1482502c,0.5255,"",false,false
39b12e1b-50ba-4376-bb72-05d53d815686,6db3da82-b45f-40f0-a543-3f1937a9b77d,0.5354,"",false,false
39b12e1b-50ba-4376-bb72-05d53d815686,b94dea90-0a9d-4b59-9fbc-535749306fd2,0.5616,"",false,false
39b12e1b-50ba-4376-bb72-05d53d815686,0c5c54c4-92bf-4d2b-8e84-833bcc4c4de4,0.5222,"",false,false
39b12e1b-50ba-4376-bb72-05d53d815686,c374c250-2e51-4b59-906d-3bd36e009aa8,0.5622,"",false,false
39b12e1b-50ba-4376-bb72-05d53d815686,009e1ba9-0676-4a07-99df-cbb5564f3c57,0.5861,"",false,false
39b12e1b-50ba-4376-bb72-05d53d815686,c3cd49f1-d0e2-478b-ab04-8e079f1b513b,0.5372,"",false,false
39b12e1b-50ba-4376-bb72-05d53d815686,5401cb7c-08da-446a-b4c1-40989be206ca,0.6165,"",false,false
39b12e1b-50ba-4376-bb72-05d53d815686,90c72c62-9fdd-4ca2-bc89-b327b78c5fc0,0.5798,"",false,false
39b12e1b-50ba-4376-bb72-05d53d815686,a78037ec-26b1-4540-a7c6-afe34f390975,0.5772,"",false,false
39b12e1b-50ba-4376-bb72-05d53d815686,5e238faf-b677-483a-8b3a-e1c4fcf6479f,0.5486,"",false,false
39b12e1b-50ba-4376-bb72-05d53d815686,f5082190-f6b3-468f-bda3-6ba9e8c519ea,0.5458,"",false,false
39b12e1b-50ba-4376-bb72-05d53d815686,7b8541cc-1220-4842-92e7-d8bf682b7741,0.6360,"matter:plástico",false,false
39b12e1b-50ba-4376-bb72-05d53d815686,77d039a0-1709-4794-9cde-07991ce82833,0.5972,"",false,false
39b12e1b-50ba-4376-bb72-05d53d815686,9836cde7-2b04-410a-bbe8-5ddba64d38b7,0.6310,"matter:plástico",false,false
39b12e1b-50ba-4376-bb72-05d53d815686,71ce5603-a6ce-4357-9eeb-26d9b70a8e24,0.5257,"",false,false
39b12e1b-50ba-4376-bb72-05d53d815686,45728069-60a2-44b9-bcbf-a516dbebb011,0.5309,"",false,false
39b12e1b-50ba-4376-bb72-05d53d815686,9bb8de15-9509-476d-bfe3-07958868bd36,0.5566,"",false,false
39b12e1b-50ba-4376-bb72-05d53d815686,3a1a67ed-71b8-483d-bc7f-611710594bba,0.5089,"",false,false
39b12e1b-50ba-4376-bb72-05d53d815686,761e88eb-94c6-4af5-a0fc-f2e54de1a128,0.7360,"matter:plástico",true,false
39b12e1b-50ba-4376-bb72-05d53d815686,b3ececeb-b9e2-4131-874c-1a9e8afaa69c,0.5519,"",false,false
39b12e1b-50ba-4376-bb72-05d53d815686,d355b2ea-0ffb-4e6b-9043-9bd957f8fa2f,0.5447,"",false,false
39b12e1b-50ba-4376-bb72-05d53d815686,f9102c9f-704c-4773-864b-f499ce9cef6e,0.6266,"matter:plástico",false,false
39b12e1b-50ba-4376-bb72-05d53d815686,129f7722-1cbb-47a7-933c-f53e2380b00a,0.6133,"state:digital",false,false
39b12e1b-50ba-4376-bb72-05d53d815686,81b7ffce-c586-4e5a-ae1d-7ce76356a1fd,0.5747,"",false,false
39b12e1b-50ba-4376-bb72-05d53d815686,e5320fb2-aec3-4d66-ab76-d75463d19466,0.5242,"",false,false
39b12e1b-50ba-4376-bb72-05d53d815686,09b4f387-1616-49ed-83df-04d724d4820f,0.5148,"",false,false
39b12e1b-50ba-4376-bb72-05d53d815686,7218cf32-626d-4a24-8724-b242e7b15201,0.5133,"",false,false
39b12e1b-50ba-4376-bb72-05d53d815686,34a4fff2-8fd5-4910-ab50-6c712f8da4cd,0.6518,"state:digital|matter:plástico",false,false
39b12e1b-50ba-4376-bb72-05d53d815686,5ad46f54-a6e1-41cd-bef0-7b13fefd400b,0.6206,"matter:plástico",false,false
c4a20d0b-3ee6-417d-962f-ac80bfaed2ef,5ed94bf1-6de4-4233-9aee-9fbe1482502c,0.5722,"",false,false
c4a20d0b-3ee6-417d-962f-ac80bfaed2ef,c374c250-2e51-4b59-906d-3bd36e009aa8,0.5563,"",false,false
c4a20d0b-3ee6-417d-962f-ac80bfaed2ef,009e1ba9-0676-4a07-99df-cbb5564f3c57,0.5765,"",false,false
c4a20d0b-3ee6-417d-962f-ac80bfaed2ef,c3cd49f1-d0e2-478b-ab04-8e079f1b513b,0.6387,"",false,false
c4a20d0b-3ee6-417d-962f-ac80bfaed2ef,a78037ec-26b1-4540-a7c6-afe34f390975,0.5105,"matter:energia",false,false
c4a20d0b-3ee6-417d-962f-ac80bfaed2ef,5e238faf-b677-483a-8b3a-e1c4fcf6479f,0.5365,"",false,false
c4a20d0b-3ee6-417d-962f-ac80bfaed2ef,7b8541cc-1220-4842-92e7-d8bf682b7741,0.5052,"",false,false
c4a20d0b-3ee6-417d-962f-ac80bfaed2ef,9836cde7-2b04-410a-bbe8-5ddba64d38b7,0.5549,"",false,false
c4a20d0b-3ee6-417d-962f-ac80bfaed2ef,71ce5603-a6ce-4357-9eeb-26d9b70a8e24,0.5086,"",false,false
c4a20d0b-3ee6-417d-962f-ac80bfaed2ef,9bb8de15-9509-476d-bfe3-07958868bd36,0.7666,"state:urgente|matter:luz neon|mov:pulsar",true,false
c4a20d0b-3ee6-417d-962f-ac80bfaed2ef,3a1a67ed-71b8-483d-bc7f-611710594bba,0.6090,"mov:pulsar",false,false
c4a20d0b-3ee6-417d-962f-ac80bfaed2ef,b3ececeb-b9e2-4131-874c-1a9e8afaa69c,0.5492,"state:urgente",false,false
c4a20d0b-3ee6-417d-962f-ac80bfaed2ef,d355b2ea-0ffb-4e6b-9043-9bd957f8fa2f,0.5408,"",false,false
c4a20d0b-3ee6-417d-962f-ac80bfaed2ef,f9102c9f-704c-4773-864b-f499ce9cef6e,0.6297,"matter:luz neon",false,false
c4a20d0b-3ee6-417d-962f-ac80bfaed2ef,129f7722-1cbb-47a7-933c-f53e2380b00a,0.5208,"",false,false
c4a20d0b-3ee6-417d-962f-ac80bfaed2ef,81b7ffce-c586-4e5a-ae1d-7ce76356a1fd,0.5933,"",false,false
c4a20d0b-3ee6-417d-962f-ac80bfaed2ef,09b4f387-1616-49ed-83df-04d724d4820f,0.7146,"mov:pulsar",true,false
c4a20d0b-3ee6-417d-962f-ac80bfaed2ef,7218cf32-626d-4a24-8724-b242e7b15201,0.5543,"",false,false
5ed94bf1-6de4-4233-9aee-9fbe1482502c,6db3da82-b45f-40f0-a543-3f1937a9b77d,0.5594,"",false,false
5ed94bf1-6de4-4233-9aee-9fbe1482502c,b94dea90-0a9d-4b59-9fbc-535749306fd2,0.5280,"",false,false
5ed94bf1-6de4-4233-9aee-9fbe1482502c,0c5c54c4-92bf-4d2b-8e84-833bcc4c4de4,0.5462,"",false,false
5ed94bf1-6de4-4233-9aee-9fbe1482502c,c374c250-2e51-4b59-906d-3bd36e009aa8,0.6164,"",false,false
5ed94bf1-6de4-4233-9aee-9fbe1482502c,009e1ba9-0676-4a07-99df-cbb5564f3c57,0.6013,"",false,false
5ed94bf1-6de4-4233-9aee-9fbe1482502c,c3cd49f1-d0e2-478b-ab04-8e079f1b513b,0.5841,"state:energético",false,false
5ed94bf1-6de4-4233-9aee-9fbe1482502c,5401cb7c-08da-446a-b4c1-40989be206ca,0.5985,"",false,false
5ed94bf1-6de4-4233-9aee-9fbe1482502c,90c72c62-9fdd-4ca2-bc89-b327b78c5fc0,0.6236,"",false,false
5ed94bf1-6de4-4233-9aee-9fbe1482502c,a78037ec-26b1-4540-a7c6-afe34f390975,0.5443,"",false,false
5ed94bf1-6de4-4233-9aee-9fbe1482502c,5e238faf-b677-483a-8b3a-e1c4fcf6479f,0.6386,"",false,false
5ed94bf1-6de4-4233-9aee-9fbe1482502c,27891bd3-a828-45a4-bf5a-6b7a8105565c,0.5488,"",false,false
5ed94bf1-6de4-4233-9aee-9fbe1482502c,f5082190-f6b3-468f-bda3-6ba9e8c519ea,0.5831,"",false,false
5ed94bf1-6de4-4233-9aee-9fbe1482502c,7b8541cc-1220-4842-92e7-d8bf682b7741,0.5319,"",false,false
5ed94bf1-6de4-4233-9aee-9fbe1482502c,77d039a0-1709-4794-9cde-07991ce82833,0.5972,"",false,false
5ed94bf1-6de4-4233-9aee-9fbe1482502c,9836cde7-2b04-410a-bbe8-5ddba64d38b7,0.5656,"",false,false
5ed94bf1-6de4-4233-9aee-9fbe1482502c,71ce5603-a6ce-4357-9eeb-26d9b70a8e24,0.6726,"",false,false
5ed94bf1-6de4-4233-9aee-9fbe1482502c,45728069-60a2-44b9-bcbf-a516dbebb011,0.5833,"",false,false
5ed94bf1-6de4-4233-9aee-9fbe1482502c,9bb8de15-9509-476d-bfe3-07958868bd36,0.5621,"",false,false
5ed94bf1-6de4-4233-9aee-9fbe1482502c,3a1a67ed-71b8-483d-bc7f-611710594bba,0.5555,"",false,false
5ed94bf1-6de4-4233-9aee-9fbe1482502c,761e88eb-94c6-4af5-a0fc-f2e54de1a128,0.5188,"",false,false
5ed94bf1-6de4-4233-9aee-9fbe1482502c,b3ececeb-b9e2-4131-874c-1a9e8afaa69c,0.6127,"",false,false
5ed94bf1-6de4-4233-9aee-9fbe1482502c,d355b2ea-0ffb-4e6b-9043-9bd957f8fa2f,0.7569,"mov:saltar",true,false
5ed94bf1-6de4-4233-9aee-9fbe1482502c,f9102c9f-704c-4773-864b-f499ce9cef6e,0.6646,"state:energético",false,false
5ed94bf1-6de4-4233-9aee-9fbe1482502c,129f7722-1cbb-47a7-933c-f53e2380b00a,0.5760,"",false,false
5ed94bf1-6de4-4233-9aee-9fbe1482502c,81b7ffce-c586-4e5a-ae1d-7ce76356a1fd,0.5738,"",false,false
5ed94bf1-6de4-4233-9aee-9fbe1482502c,e5320fb2-aec3-4d66-ab76-d75463d19466,0.5222,"",false,false
5ed94bf1-6de4-4233-9aee-9fbe1482502c,09b4f387-1616-49ed-83df-04d724d4820f,0.5799,"",false,false
5ed94bf1-6de4-4233-9aee-9fbe1482502c,7218cf32-626d-4a24-8724-b242e7b15201,0.6885,"",false,false
5ed94bf1-6de4-4233-9aee-9fbe1482502c,34a4fff2-8fd5-4910-ab50-6c712f8da4cd,0.6067,"matter:pixelado",false,false
5ed94bf1-6de4-4233-9aee-9fbe1482502c,5ad46f54-a6e1-41cd-bef0-7b13fefd400b,0.5536,"",false,false
6db3da82-b45f-40f0-a543-3f1937a9b77d,0c5c54c4-92bf-4d2b-8e84-833bcc4c4de4,0.8116,"state:melancólico|mov:sussurrar",true,false
6db3da82-b45f-40f0-a543-3f1937a9b77d,c374c250-2e51-4b59-906d-3bd36e009aa8,0.5281,"",false,false
6db3da82-b45f-40f0-a543-3f1937a9b77d,009e1ba9-0676-4a07-99df-cbb5564f3c57,0.5341,"",false,false
6db3da82-b45f-40f0-a543-3f1937a9b77d,c3cd49f1-d0e2-478b-ab04-8e079f1b513b,0.5067,"",false,false
6db3da82-b45f-40f0-a543-3f1937a9b77d,5401cb7c-08da-446a-b4c1-40989be206ca,0.6181,"",false,false
6db3da82-b45f-40f0-a543-3f1937a9b77d,90c72c62-9fdd-4ca2-bc89-b327b78c5fc0,0.5981,"",false,false
6db3da82-b45f-40f0-a543-3f1937a9b77d,a78037ec-26b1-4540-a7c6-afe34f390975,0.5189,"",false,false
6db3da82-b45f-40f0-a543-3f1937a9b77d,5e238faf-b677-483a-8b3a-e1c4fcf6479f,0.5841,"",false,false
6db3da82-b45f-40f0-a543-3f1937a9b77d,27891bd3-a828-45a4-bf5a-6b7a8105565c,0.5054,"",false,false
6db3da82-b45f-40f0-a543-3f1937a9b77d,f5082190-f6b3-468f-bda3-6ba9e8c519ea,0.5261,"",false,false
6db3da82-b45f-40f0-a543-3f1937a9b77d,7b8541cc-1220-4842-92e7-d8bf682b7741,0.5646,"",false,false
6db3da82-b45f-40f0-a543-3f1937a9b77d,77d039a0-1709-4794-9cde-07991ce82833,0.5346,"",false,false
6db3da82-b45f-40f0-a543-3f1937a9b77d,9836cde7-2b04-410a-bbe8-5ddba64d38b7,0.5524,"",false,false
6db3da82-b45f-40f0-a543-3f1937a9b77d,71ce5603-a6ce-4357-9eeb-26d9b70a8e24,0.5426,"",false,false
6db3da82-b45f-40f0-a543-3f1937a9b77d,45728069-60a2-44b9-bcbf-a516dbebb011,0.5136,"",false,false
6db3da82-b45f-40f0-a543-3f1937a9b77d,761e88eb-94c6-4af5-a0fc-f2e54de1a128,0.5211,"",false,false
6db3da82-b45f-40f0-a543-3f1937a9b77d,b3ececeb-b9e2-4131-874c-1a9e8afaa69c,0.5754,"",false,false
6db3da82-b45f-40f0-a543-3f1937a9b77d,d355b2ea-0ffb-4e6b-9043-9bd957f8fa2f,0.5645,"",false,false
6db3da82-b45f-40f0-a543-3f1937a9b77d,f9102c9f-704c-4773-864b-f499ce9cef6e,0.5532,"",false,false
6db3da82-b45f-40f0-a543-3f1937a9b77d,129f7722-1cbb-47a7-933c-f53e2380b00a,0.5039,"",false,false
6db3da82-b45f-40f0-a543-3f1937a9b77d,81b7ffce-c586-4e5a-ae1d-7ce76356a1fd,0.5974,"",false,false
6db3da82-b45f-40f0-a543-3f1937a9b77d,09b4f387-1616-49ed-83df-04d724d4820f,0.5530,"",false,false
6db3da82-b45f-40f0-a543-3f1937a9b77d,7218cf32-626d-4a24-8724-b242e7b15201,0.5389,"",false,false
6db3da82-b45f-40f0-a543-3f1937a9b77d,5ad46f54-a6e1-41cd-bef0-7b13fefd400b,0.5209,"",false,false
b94dea90-0a9d-4b59-9fbc-535749306fd2,009e1ba9-0676-4a07-99df-cbb5564f3c57,0.5834,"",false,false
b94dea90-0a9d-4b59-9fbc-535749306fd2,c3cd49f1-d0e2-478b-ab04-8e079f1b513b,0.5124,"",false,false
b94dea90-0a9d-4b59-9fbc-535749306fd2,5401cb7c-08da-446a-b4c1-40989be206ca,0.5130,"",false,false
b94dea90-0a9d-4b59-9fbc-535749306fd2,90c72c62-9fdd-4ca2-bc89-b327b78c5fc0,0.5484,"",false,false
b94dea90-0a9d-4b59-9fbc-535749306fd2,a78037ec-26b1-4540-a7c6-afe34f390975,0.5151,"",false,false
b94dea90-0a9d-4b59-9fbc-535749306fd2,27891bd3-a828-45a4-bf5a-6b7a8105565c,0.5234,"matter:pixels",false,false
b94dea90-0a9d-4b59-9fbc-535749306fd2,f5082190-f6b3-468f-bda3-6ba9e8c519ea,0.7648,"matter:glitch|matter:pixels|mov:corrompendo",true,false
b94dea90-0a9d-4b59-9fbc-535749306fd2,7b8541cc-1220-4842-92e7-d8bf682b7741,0.5301,"",false,false
b94dea90-0a9d-4b59-9fbc-535749306fd2,77d039a0-1709-4794-9cde-07991ce82833,0.5525,"",false,false
b94dea90-0a9d-4b59-9fbc-535749306fd2,9836cde7-2b04-410a-bbe8-5ddba64d38b7,0.5675,"",false,false
b94dea90-0a9d-4b59-9fbc-535749306fd2,45728069-60a2-44b9-bcbf-a516dbebb011,0.5399,"",false,false
b94dea90-0a9d-4b59-9fbc-535749306fd2,9bb8de15-9509-476d-bfe3-07958868bd36,0.5242,"",false,false
b94dea90-0a9d-4b59-9fbc-535749306fd2,761e88eb-94c6-4af5-a0fc-f2e54de1a128,0.5168,"",false,false
b94dea90-0a9d-4b59-9fbc-535749306fd2,b3ececeb-b9e2-4131-874c-1a9e8afaa69c,0.5817,"",false,false
b94dea90-0a9d-4b59-9fbc-535749306fd2,129f7722-1cbb-47a7-933c-f53e2380b00a,0.6253,"matter:pixels",false,false
b94dea90-0a9d-4b59-9fbc-535749306fd2,e5320fb2-aec3-4d66-ab76-d75463d19466,0.5030,"",false,false
b94dea90-0a9d-4b59-9fbc-535749306fd2,09b4f387-1616-49ed-83df-04d724d4820f,0.5061,"",false,false
b94dea90-0a9d-4b59-9fbc-535749306fd2,34a4fff2-8fd5-4910-ab50-6c712f8da4cd,0.5852,"",false,false
b94dea90-0a9d-4b59-9fbc-535749306fd2,5ad46f54-a6e1-41cd-bef0-7b13fefd400b,0.5735,"matter:pixels",false,false
0c5c54c4-92bf-4d2b-8e84-833bcc4c4de4,c374c250-2e51-4b59-906d-3bd36e009aa8,0.5644,"mov:ondular",false,false
0c5c54c4-92bf-4d2b-8e84-833bcc4c4de4,009e1ba9-0676-4a07-99df-cbb5564f3c57,0.5785,"",false,false
0c5c54c4-92bf-4d2b-8e84-833bcc4c4de4,c3cd49f1-d0e2-478b-ab04-8e079f1b513b,0.5856,"",false,false
0c5c54c4-92bf-4d2b-8e84-833bcc4c4de4,5401cb7c-08da-446a-b4c1-40989be206ca,0.6192,"",false,false
0c5c54c4-92bf-4d2b-8e84-833bcc4c4de4,90c72c62-9fdd-4ca2-bc89-b327b78c5fc0,0.5826,"",false,false
0c5c54c4-92bf-4d2b-8e84-833bcc4c4de4,a78037ec-26b1-4540-a7c6-afe34f390975,0.5572,"",false,false
0c5c54c4-92bf-4d2b-8e84-833bcc4c4de4,5e238faf-b677-483a-8b3a-e1c4fcf6479f,0.5443,"",false,false
0c5c54c4-92bf-4d2b-8e84-833bcc4c4de4,27891bd3-a828-45a4-bf5a-6b7a8105565c,0.5011,"",false,false
0c5c54c4-92bf-4d2b-8e84-833bcc4c4de4,f5082190-f6b3-468f-bda3-6ba9e8c519ea,0.5337,"",false,false
0c5c54c4-92bf-4d2b-8e84-833bcc4c4de4,7b8541cc-1220-4842-92e7-d8bf682b7741,0.5588,"",false,false
0c5c54c4-92bf-4d2b-8e84-833bcc4c4de4,77d039a0-1709-4794-9cde-07991ce82833,0.5368,"",false,false
0c5c54c4-92bf-4d2b-8e84-833bcc4c4de4,9836cde7-2b04-410a-bbe8-5ddba64d38b7,0.5373,"",false,false
0c5c54c4-92bf-4d2b-8e84-833bcc4c4de4,71ce5603-a6ce-4357-9eeb-26d9b70a8e24,0.5570,"",false,false
0c5c54c4-92bf-4d2b-8e84-833bcc4c4de4,45728069-60a2-44b9-bcbf-a516dbebb011,0.5472,"",false,false
0c5c54c4-92bf-4d2b-8e84-833bcc4c4de4,b3ececeb-b9e2-4131-874c-1a9e8afaa69c,0.5803,"",false,false
0c5c54c4-92bf-4d2b-8e84-833bcc4c4de4,d355b2ea-0ffb-4e6b-9043-9bd957f8fa2f,0.5684,"",false,false
0c5c54c4-92bf-4d2b-8e84-833bcc4c4de4,f9102c9f-704c-4773-864b-f499ce9cef6e,0.5965,"",false,false
0c5c54c4-92bf-4d2b-8e84-833bcc4c4de4,81b7ffce-c586-4e5a-ae1d-7ce76356a1fd,0.6009,"",false,false
0c5c54c4-92bf-4d2b-8e84-833bcc4c4de4,09b4f387-1616-49ed-83df-04d724d4820f,0.5539,"",false,false
0c5c54c4-92bf-4d2b-8e84-833bcc4c4de4,7218cf32-626d-4a24-8724-b242e7b15201,0.5514,"",false,false
c374c250-2e51-4b59-906d-3bd36e009aa8,009e1ba9-0676-4a07-99df-cbb5564f3c57,0.6129,"",false,false
c374c250-2e51-4b59-906d-3bd36e009aa8,c3cd49f1-d0e2-478b-ab04-8e079f1b513b,0.5617,"",false,false
c374c250-2e51-4b59-906d-3bd36e009aa8,5401cb7c-08da-446a-b4c1-40989be206ca,0.5460,"",false,false
c374c250-2e51-4b59-906d-3bd36e009aa8,90c72c62-9fdd-4ca2-bc89-b327b78c5fc0,0.5505,"",false,false
c374c250-2e51-4b59-906d-3bd36e009aa8,a78037ec-26b1-4540-a7c6-afe34f390975,0.5677,"state:descolado",false,false
c374c250-2e51-4b59-906d-3bd36e009aa8,5e238faf-b677-483a-8b3a-e1c4fcf6479f,0.5607,"",false,false
c374c250-2e51-4b59-906d-3bd36e009aa8,f5082190-f6b3-468f-bda3-6ba9e8c519ea,0.5318,"",false,false
c374c250-2e51-4b59-906d-3bd36e009aa8,7b8541cc-1220-4842-92e7-d8bf682b7741,0.5168,"",false,false
c374c250-2e51-4b59-906d-3bd36e009aa8,77d039a0-1709-4794-9cde-07991ce82833,0.5795,"",false,false
c374c250-2e51-4b59-906d-3bd36e009aa8,9836cde7-2b04-410a-bbe8-5ddba64d38b7,0.5537,"",false,false
c374c250-2e51-4b59-906d-3bd36e009aa8,71ce5603-a6ce-4357-9eeb-26d9b70a8e24,0.5687,"",false,false
c374c250-2e51-4b59-906d-3bd36e009aa8,45728069-60a2-44b9-bcbf-a516dbebb011,0.5544,"",false,false
c374c250-2e51-4b59-906d-3bd36e009aa8,9bb8de15-9509-476d-bfe3-07958868bd36,0.5341,"",false,false
c374c250-2e51-4b59-906d-3bd36e009aa8,3a1a67ed-71b8-483d-bc7f-611710594bba,0.5606,"",false,false
c374c250-2e51-4b59-906d-3bd36e009aa8,761e88eb-94c6-4af5-a0fc-f2e54de1a128,0.5237,"",false,false
c374c250-2e51-4b59-906d-3bd36e009aa8,b3ececeb-b9e2-4131-874c-1a9e8afaa69c,0.5883,"",false,false
c374c250-2e51-4b59-906d-3bd36e009aa8,d355b2ea-0ffb-4e6b-9043-9bd957f8fa2f,0.6096,"",false,false
c374c250-2e51-4b59-906d-3bd36e009aa8,f9102c9f-704c-4773-864b-f499ce9cef6e,0.5824,"",false,false
c374c250-2e51-4b59-906d-3bd36e009aa8,81b7ffce-c586-4e5a-ae1d-7ce76356a1fd,0.5799,"",false,false
c374c250-2e51-4b59-906d-3bd36e009aa8,09b4f387-1616-49ed-83df-04d724d4820f,0.5659,"",false,false
c374c250-2e51-4b59-906d-3bd36e009aa8,7218cf32-626d-4a24-8724-b242e7b15201,0.5947,"",false,false
c374c250-2e51-4b59-906d-3bd36e009aa8,34a4fff2-8fd5-4910-ab50-6c712f8da4cd,0.5812,"",false,false
c374c250-2e51-4b59-906d-3bd36e009aa8,5ad46f54-a6e1-41cd-bef0-7b13fefd400b,0.5207,"",false,false
009e1ba9-0676-4a07-99df-cbb5564f3c57,c3cd49f1-d0e2-478b-ab04-8e079f1b513b,0.6624,"",false,false
009e1ba9-0676-4a07-99df-cbb5564f3c57,5401cb7c-08da-446a-b4c1-40989be206ca,0.5520,"",false,false
009e1ba9-0676-4a07-99df-cbb5564f3c57,90c72c62-9fdd-4ca2-bc89-b327b78c5fc0,0.5564,"",false,false
009e1ba9-0676-4a07-99df-cbb5564f3c57,a78037ec-26b1-4540-a7c6-afe34f390975,0.5628,"",false,false
009e1ba9-0676-4a07-99df-cbb5564f3c57,5e238faf-b677-483a-8b3a-e1c4fcf6479f,0.5300,"",false,false
009e1ba9-0676-4a07-99df-cbb5564f3c57,f5082190-f6b3-468f-bda3-6ba9e8c519ea,0.5975,"state:fragmentado",false,false
009e1ba9-0676-4a07-99df-cbb5564f3c57,7b8541cc-1220-4842-92e7-d8bf682b7741,0.5865,"",false,false
009e1ba9-0676-4a07-99df-cbb5564f3c57,77d039a0-1709-4794-9cde-07991ce82833,0.6154,"state:caótico|state:fragmentado",false,false
009e1ba9-0676-4a07-99df-cbb5564f3c57,9836cde7-2b04-410a-bbe8-5ddba64d38b7,0.5598,"",false,false
009e1ba9-0676-4a07-99df-cbb5564f3c57,71ce5603-a6ce-4357-9eeb-26d9b70a8e24,0.5706,"",false,false
009e1ba9-0676-4a07-99df-cbb5564f3c57,45728069-60a2-44b9-bcbf-a516dbebb011,0.7046,"state:fragmentado",true,false
009e1ba9-0676-4a07-99df-cbb5564f3c57,9bb8de15-9509-476d-bfe3-07958868bd36,0.5666,"",false,false
009e1ba9-0676-4a07-99df-cbb5564f3c57,3a1a67ed-71b8-483d-bc7f-611710594bba,0.5444,"",false,false
009e1ba9-0676-4a07-99df-cbb5564f3c57,761e88eb-94c6-4af5-a0fc-f2e54de1a128,0.5451,"",false,false
009e1ba9-0676-4a07-99df-cbb5564f3c57,b3ececeb-b9e2-4131-874c-1a9e8afaa69c,0.6826,"state:caótico|state:fragmentado",false,false
009e1ba9-0676-4a07-99df-cbb5564f3c57,d355b2ea-0ffb-4e6b-9043-9bd957f8fa2f,0.6138,"",false,false
009e1ba9-0676-4a07-99df-cbb5564f3c57,f9102c9f-704c-4773-864b-f499ce9cef6e,0.6205,"",false,false
009e1ba9-0676-4a07-99df-cbb5564f3c57,129f7722-1cbb-47a7-933c-f53e2380b00a,0.5140,"",false,false
009e1ba9-0676-4a07-99df-cbb5564f3c57,81b7ffce-c586-4e5a-ae1d-7ce76356a1fd,0.5789,"",false,false
009e1ba9-0676-4a07-99df-cbb5564f3c57,e5320fb2-aec3-4d66-ab76-d75463d19466,0.5373,"",false,false
009e1ba9-0676-4a07-99df-cbb5564f3c57,09b4f387-1616-49ed-83df-04d724d4820f,0.5902,"",false,false
009e1ba9-0676-4a07-99df-cbb5564f3c57,7218cf32-626d-4a24-8724-b242e7b15201,0.5818,"state:caótico",false,false
009e1ba9-0676-4a07-99df-cbb5564f3c57,34a4fff2-8fd5-4910-ab50-6c712f8da4cd,0.5296,"",false,false
c3cd49f1-d0e2-478b-ab04-8e079f1b513b,5401cb7c-08da-446a-b4c1-40989be206ca,0.5295,"",false,false
c3cd49f1-d0e2-478b-ab04-8e079f1b513b,90c72c62-9fdd-4ca2-bc89-b327b78c5fc0,0.5779,"state:urbano",false,false
c3cd49f1-d0e2-478b-ab04-8e079f1b513b,a78037ec-26b1-4540-a7c6-afe34f390975,0.5186,"",false,false
c3cd49f1-d0e2-478b-ab04-8e079f1b513b,f5082190-f6b3-468f-bda3-6ba9e8c519ea,0.5415,"state:nostálgico",false,false
c3cd49f1-d0e2-478b-ab04-8e079f1b513b,7b8541cc-1220-4842-92e7-d8bf682b7741,0.6206,"state:nostálgico",false,false
c3cd49f1-d0e2-478b-ab04-8e079f1b513b,45728069-60a2-44b9-bcbf-a516dbebb011,0.5371,"",false,false
c3cd49f1-d0e2-478b-ab04-8e079f1b513b,9bb8de15-9509-476d-bfe3-07958868bd36,0.6252,"",false,false
c3cd49f1-d0e2-478b-ab04-8e079f1b513b,3a1a67ed-71b8-483d-bc7f-611710594bba,0.5890,"",false,false
c3cd49f1-d0e2-478b-ab04-8e079f1b513b,761e88eb-94c6-4af5-a0fc-f2e54de1a128,0.5018,"",false,false
c3cd49f1-d0e2-478b-ab04-8e079f1b513b,b3ececeb-b9e2-4131-874c-1a9e8afaa69c,0.5364,"",false,false
c3cd49f1-d0e2-478b-ab04-8e079f1b513b,d355b2ea-0ffb-4e6b-9043-9bd957f8fa2f,0.6073,"",false,false
c3cd49f1-d0e2-478b-ab04-8e079f1b513b,f9102c9f-704c-4773-864b-f499ce9cef6e,0.7733,"state:energético|mov:pulsa",true,false
c3cd49f1-d0e2-478b-ab04-8e079f1b513b,129f7722-1cbb-47a7-933c-f53e2380b00a,0.5080,"",false,false
c3cd49f1-d0e2-478b-ab04-8e079f1b513b,81b7ffce-c586-4e5a-ae1d-7ce76356a1fd,0.6245,"",false,false
c3cd49f1-d0e2-478b-ab04-8e079f1b513b,09b4f387-1616-49ed-83df-04d724d4820f,0.7015,"state:urbano",true,false
c3cd49f1-d0e2-478b-ab04-8e079f1b513b,7218cf32-626d-4a24-8724-b242e7b15201,0.5229,"",false,false
c3cd49f1-d0e2-478b-ab04-8e079f1b513b,34a4fff2-8fd5-4910-ab50-6c712f8da4cd,0.5667,"",false,false
5401cb7c-08da-446a-b4c1-40989be206ca,90c72c62-9fdd-4ca2-bc89-b327b78c5fc0,0.6534,"mov:sobrepor",false,false
5401cb7c-08da-446a-b4c1-40989be206ca,a78037ec-26b1-4540-a7c6-afe34f390975,0.6782,"matter:papel|matter:tinta|mov:desdobrar",false,false
5401cb7c-08da-446a-b4c1-40989be206ca,5e238faf-b677-483a-8b3a-e1c4fcf6479f,0.6867,"matter:papel|matter:tinta",false,false
5401cb7c-08da-446a-b4c1-40989be206ca,27891bd3-a828-45a4-bf5a-6b7a8105565c,0.5670,"",false,false
5401cb7c-08da-446a-b4c1-40989be206ca,291bb266-687f-4ca1-a7da-e45c010d7790,0.5083,"",false,false
5401cb7c-08da-446a-b4c1-40989be206ca,f5082190-f6b3-468f-bda3-6ba9e8c519ea,0.5605,"",false,false
5401cb7c-08da-446a-b4c1-40989be206ca,7b8541cc-1220-4842-92e7-d8bf682b7741,0.6137,"",false,false
5401cb7c-08da-446a-b4c1-40989be206ca,77d039a0-1709-4794-9cde-07991ce82833,0.7144,"mov:sobrepor",true,false
5401cb7c-08da-446a-b4c1-40989be206ca,9836cde7-2b04-410a-bbe8-5ddba64d38b7,0.6263,"",false,false
5401cb7c-08da-446a-b4c1-40989be206ca,71ce5603-a6ce-4357-9eeb-26d9b70a8e24,0.6110,"",false,false
5401cb7c-08da-446a-b4c1-40989be206ca,580216a0-1ede-4f95-9213-f9b16ceb6e0f,0.5367,"",false,false
5401cb7c-08da-446a-b4c1-40989be206ca,45728069-60a2-44b9-bcbf-a516dbebb011,0.6270,"matter:tinta",false,false
5401cb7c-08da-446a-b4c1-40989be206ca,9bb8de15-9509-476d-bfe3-07958868bd36,0.5184,"",false,false
5401cb7c-08da-446a-b4c1-40989be206ca,3a1a67ed-71b8-483d-bc7f-611710594bba,0.5279,"",false,false
5401cb7c-08da-446a-b4c1-40989be206ca,761e88eb-94c6-4af5-a0fc-f2e54de1a128,0.6634,"matter:papel",false,false
5401cb7c-08da-446a-b4c1-40989be206ca,b3ececeb-b9e2-4131-874c-1a9e8afaa69c,0.7404,"mov:sobrepor",true,false
5401cb7c-08da-446a-b4c1-40989be206ca,d355b2ea-0ffb-4e6b-9043-9bd957f8fa2f,0.6218,"",false,false
5401cb7c-08da-446a-b4c1-40989be206ca,f9102c9f-704c-4773-864b-f499ce9cef6e,0.6178,"matter:tinta",false,false
5401cb7c-08da-446a-b4c1-40989be206ca,129f7722-1cbb-47a7-933c-f53e2380b00a,0.6257,"matter:papel",false,false
5401cb7c-08da-446a-b4c1-40989be206ca,81b7ffce-c586-4e5a-ae1d-7ce76356a1fd,0.5410,"",false,false
5401cb7c-08da-446a-b4c1-40989be206ca,e5320fb2-aec3-4d66-ab76-d75463d19466,0.5297,"",false,false
5401cb7c-08da-446a-b4c1-40989be206ca,7218cf32-626d-4a24-8724-b242e7b15201,0.5906,"",false,false
5401cb7c-08da-446a-b4c1-40989be206ca,34a4fff2-8fd5-4910-ab50-6c712f8da4cd,0.5537,"",false,false
5401cb7c-08da-446a-b4c1-40989be206ca,5ad46f54-a6e1-41cd-bef0-7b13fefd400b,0.6212,"matter:papel",false,false
90c72c62-9fdd-4ca2-bc89-b327b78c5fc0,a78037ec-26b1-4540-a7c6-afe34f390975,0.6193,"",false,false
90c72c62-9fdd-4ca2-bc89-b327b78c5fc0,5e238faf-b677-483a-8b3a-e1c4fcf6479f,0.6589,"state:intenso",false,false
90c72c62-9fdd-4ca2-bc89-b327b78c5fc0,291bb266-687f-4ca1-a7da-e45c010d7790,0.5473,"",false,false
90c72c62-9fdd-4ca2-bc89-b327b78c5fc0,f5082190-f6b3-468f-bda3-6ba9e8c519ea,0.5349,"",false,false
90c72c62-9fdd-4ca2-bc89-b327b78c5fc0,7b8541cc-1220-4842-92e7-d8bf682b7741,0.5343,"",false,false
90c72c62-9fdd-4ca2-bc89-b327b78c5fc0,77d039a0-1709-4794-9cde-07991ce82833,0.6833,"mov:sobrepor",false,false
90c72c62-9fdd-4ca2-bc89-b327b78c5fc0,9836cde7-2b04-410a-bbe8-5ddba64d38b7,0.5651,"",false,false
90c72c62-9fdd-4ca2-bc89-b327b78c5fc0,71ce5603-a6ce-4357-9eeb-26d9b70a8e24,0.6299,"",false,false
90c72c62-9fdd-4ca2-bc89-b327b78c5fc0,45728069-60a2-44b9-bcbf-a516dbebb011,0.5203,"",false,false
90c72c62-9fdd-4ca2-bc89-b327b78c5fc0,9bb8de15-9509-476d-bfe3-07958868bd36,0.5752,"state:intenso",false,false
90c72c62-9fdd-4ca2-bc89-b327b78c5fc0,3a1a67ed-71b8-483d-bc7f-611710594bba,0.6145,"matter:papel texturizado",false,false
90c72c62-9fdd-4ca2-bc89-b327b78c5fc0,761e88eb-94c6-4af5-a0fc-f2e54de1a128,0.5841,"",false,false
90c72c62-9fdd-4ca2-bc89-b327b78c5fc0,b3ececeb-b9e2-4131-874c-1a9e8afaa69c,0.6727,"mov:sobrepor",false,false
90c72c62-9fdd-4ca2-bc89-b327b78c5fc0,d355b2ea-0ffb-4e6b-9043-9bd957f8fa2f,0.7525,"matter:tinta vibrante",true,false
90c72c62-9fdd-4ca2-bc89-b327b78c5fc0,f9102c9f-704c-4773-864b-f499ce9cef6e,0.6254,"state:enigmático",false,false
90c72c62-9fdd-4ca2-bc89-b327b78c5fc0,129f7722-1cbb-47a7-933c-f53e2380b00a,0.5458,"",false,false
90c72c62-9fdd-4ca2-bc89-b327b78c5fc0,81b7ffce-c586-4e5a-ae1d-7ce76356a1fd,0.6059,"",false,false
90c72c62-9fdd-4ca2-bc89-b327b78c5fc0,e5320fb2-aec3-4d66-ab76-d75463d19466,0.5047,"",false,false
90c72c62-9fdd-4ca2-bc89-b327b78c5fc0,09b4f387-1616-49ed-83df-04d724d4820f,0.5698,"state:urbano",false,false
90c72c62-9fdd-4ca2-bc89-b327b78c5fc0,7218cf32-626d-4a24-8724-b242e7b15201,0.6017,"",false,false
90c72c62-9fdd-4ca2-bc89-b327b78c5fc0,34a4fff2-8fd5-4910-ab50-6c712f8da4cd,0.5299,"",false,false
90c72c62-9fdd-4ca2-bc89-b327b78c5fc0,5ad46f54-a6e1-41cd-bef0-7b13fefd400b,0.6115,"",false,false
a78037ec-26b1-4540-a7c6-afe34f390975,5e238faf-b677-483a-8b3a-e1c4fcf6479f,0.6658,"matter:tinta|matter:papel",false,false
a78037ec-26b1-4540-a7c6-afe34f390975,27891bd3-a828-45a4-bf5a-6b7a8105565c,0.5595,"state:informativo",false,false
a78037ec-26b1-4540-a7c6-afe34f390975,f5082190-f6b3-468f-bda3-6ba9e8c519ea,0.5342,"",false,false
a78037ec-26b1-4540-a7c6-afe34f390975,7b8541cc-1220-4842-92e7-d8bf682b7741,0.6493,"state:informativo",false,false
a78037ec-26b1-4540-a7c6-afe34f390975,77d039a0-1709-4794-9cde-07991ce82833,0.6150,"",false,false
a78037ec-26b1-4540-a7c6-afe34f390975,9836cde7-2b04-410a-bbe8-5ddba64d38b7,0.6032,"",false,false
a78037ec-26b1-4540-a7c6-afe34f390975,71ce5603-a6ce-4357-9eeb-26d9b70a8e24,0.5770,"",false,false
a78037ec-26b1-4540-a7c6-afe34f390975,580216a0-1ede-4f95-9213-f9b16ceb6e0f,0.5070,"",false,false
a78037ec-26b1-4540-a7c6-afe34f390975,45728069-60a2-44b9-bcbf-a516dbebb011,0.5556,"matter:tinta",false,false
a78037ec-26b1-4540-a7c6-afe34f390975,9bb8de15-9509-476d-bfe3-07958868bd36,0.5733,"state:informativo",false,false
a78037ec-26b1-4540-a7c6-afe34f390975,3a1a67ed-71b8-483d-bc7f-611710594bba,0.5496,"state:informativo",false,false
a78037ec-26b1-4540-a7c6-afe34f390975,761e88eb-94c6-4af5-a0fc-f2e54de1a128,0.6065,"matter:papel",false,false
a78037ec-26b1-4540-a7c6-afe34f390975,b3ececeb-b9e2-4131-874c-1a9e8afaa69c,0.6013,"",false,false
a78037ec-26b1-4540-a7c6-afe34f390975,d355b2ea-0ffb-4e6b-9043-9bd957f8fa2f,0.6095,"state:descontraído",false,false
a78037ec-26b1-4540-a7c6-afe34f390975,f9102c9f-704c-4773-864b-f499ce9cef6e,0.5854,"matter:tinta",false,false
a78037ec-26b1-4540-a7c6-afe34f390975,129f7722-1cbb-47a7-933c-f53e2380b00a,0.5660,"matter:papel",false,false
a78037ec-26b1-4540-a7c6-afe34f390975,81b7ffce-c586-4e5a-ae1d-7ce76356a1fd,0.5423,"",false,false
a78037ec-26b1-4540-a7c6-afe34f390975,e5320fb2-aec3-4d66-ab76-d75463d19466,0.5106,"",false,false
a78037ec-26b1-4540-a7c6-afe34f390975,7218cf32-626d-4a24-8724-b242e7b15201,0.5632,"",false,false
a78037ec-26b1-4540-a7c6-afe34f390975,34a4fff2-8fd5-4910-ab50-6c712f8da4cd,0.5960,"",false,false
a78037ec-26b1-4540-a7c6-afe34f390975,5ad46f54-a6e1-41cd-bef0-7b13fefd400b,0.6804,"state:informativo|matter:papel",false,false
5e238faf-b677-483a-8b3a-e1c4fcf6479f,27891bd3-a828-45a4-bf5a-6b7a8105565c,0.5255,"",false,false
5e238faf-b677-483a-8b3a-e1c4fcf6479f,291bb266-687f-4ca1-a7da-e45c010d7790,0.5203,"",false,false
5e238faf-b677-483a-8b3a-e1c4fcf6479f,7b8541cc-1220-4842-92e7-d8bf682b7741,0.5716,"",false,false
5e238faf-b677-483a-8b3a-e1c4fcf6479f,77d039a0-1709-4794-9cde-07991ce82833,0.6176,"",false,false
5e238faf-b677-483a-8b3a-e1c4fcf6479f,9836cde7-2b04-410a-bbe8-5ddba64d38b7,0.5966,"",false,false
5e238faf-b677-483a-8b3a-e1c4fcf6479f,71ce5603-a6ce-4357-9eeb-26d9b70a8e24,0.6490,"",false,false
5e238faf-b677-483a-8b3a-e1c4fcf6479f,580216a0-1ede-4f95-9213-f9b16ceb6e0f,0.5683,"",false,false
5e238faf-b677-483a-8b3a-e1c4fcf6479f,45728069-60a2-44b9-bcbf-a516dbebb011,0.5371,"matter:tinta",false,false
5e238faf-b677-483a-8b3a-e1c4fcf6479f,9bb8de15-9509-476d-bfe3-07958868bd36,0.5998,"state:intenso",false,false
5e238faf-b677-483a-8b3a-e1c4fcf6479f,3a1a67ed-71b8-483d-bc7f-611710594bba,0.5514,"",false,false
5e238faf-b677-483a-8b3a-e1c4fcf6479f,761e88eb-94c6-4af5-a0fc-f2e54de1a128,0.5734,"matter:papel",false,false
5e238faf-b677-483a-8b3a-e1c4fcf6479f,b3ececeb-b9e2-4131-874c-1a9e8afaa69c,0.6426,"",false,false
5e238faf-b677-483a-8b3a-e1c4fcf6479f,d355b2ea-0ffb-4e6b-9043-9bd957f8fa2f,0.6293,"",false,false
5e238faf-b677-483a-8b3a-e1c4fcf6479f,f9102c9f-704c-4773-864b-f499ce9cef6e,0.5746,"matter:tinta",false,false
5e238faf-b677-483a-8b3a-e1c4fcf6479f,129f7722-1cbb-47a7-933c-f53e2380b00a,0.5558,"matter:papel",false,false
5e238faf-b677-483a-8b3a-e1c4fcf6479f,81b7ffce-c586-4e5a-ae1d-7ce76356a1fd,0.5824,"mov:revelar",false,false
5e238faf-b677-483a-8b3a-e1c4fcf6479f,09b4f387-1616-49ed-83df-04d724d4820f,0.5473,"",false,false
5e238faf-b677-483a-8b3a-e1c4fcf6479f,7218cf32-626d-4a24-8724-b242e7b15201,0.6394,"",false,false
5e238faf-b677-483a-8b3a-e1c4fcf6479f,34a4fff2-8fd5-4910-ab50-6c712f8da4cd,0.5244,"",false,false
5e238faf-b677-483a-8b3a-e1c4fcf6479f,5ad46f54-a6e1-41cd-bef0-7b13fefd400b,0.6048,"matter:papel",false,false
27891bd3-a828-45a4-bf5a-6b7a8105565c,f5082190-f6b3-468f-bda3-6ba9e8c519ea,0.5153,"matter:pixels",false,false
27891bd3-a828-45a4-bf5a-6b7a8105565c,7b8541cc-1220-4842-92e7-d8bf682b7741,0.6068,"state:informativo|mov:exibir|mov:processar",false,false
27891bd3-a828-45a4-bf5a-6b7a8105565c,77d039a0-1709-4794-9cde-07991ce82833,0.5002,"",false,false
27891bd3-a828-45a4-bf5a-6b7a8105565c,9836cde7-2b04-410a-bbe8-5ddba64d38b7,0.5874,"",false,false
27891bd3-a828-45a4-bf5a-6b7a8105565c,9bb8de15-9509-476d-bfe3-07958868bd36,0.5554,"state:informativo",false,false
27891bd3-a828-45a4-bf5a-6b7a8105565c,3a1a67ed-71b8-483d-bc7f-611710594bba,0.5031,"state:informativo",false,false
27891bd3-a828-45a4-bf5a-6b7a8105565c,761e88eb-94c6-4af5-a0fc-f2e54de1a128,0.5169,"",false,false
27891bd3-a828-45a4-bf5a-6b7a8105565c,b3ececeb-b9e2-4131-874c-1a9e8afaa69c,0.5056,"",false,false
27891bd3-a828-45a4-bf5a-6b7a8105565c,f9102c9f-704c-4773-864b-f499ce9cef6e,0.5081,"",false,false
27891bd3-a828-45a4-bf5a-6b7a8105565c,129f7722-1cbb-47a7-933c-f53e2380b00a,0.6299,"matter:pixels|mov:processar",false,false
27891bd3-a828-45a4-bf5a-6b7a8105565c,81b7ffce-c586-4e5a-ae1d-7ce76356a1fd,0.5057,"",false,false
27891bd3-a828-45a4-bf5a-6b7a8105565c,e5320fb2-aec3-4d66-ab76-d75463d19466,0.6038,"state:técnico|matter:dados",false,false
27891bd3-a828-45a4-bf5a-6b7a8105565c,7218cf32-626d-4a24-8724-b242e7b15201,0.5230,"",false,false
27891bd3-a828-45a4-bf5a-6b7a8105565c,34a4fff2-8fd5-4910-ab50-6c712f8da4cd,0.5670,"",false,false
27891bd3-a828-45a4-bf5a-6b7a8105565c,5ad46f54-a6e1-41cd-bef0-7b13fefd400b,0.6312,"state:informativo|matter:pixels",false,false
291bb266-687f-4ca1-a7da-e45c010d7790,77d039a0-1709-4794-9cde-07991ce82833,0.5161,"",false,false
291bb266-687f-4ca1-a7da-e45c010d7790,580216a0-1ede-4f95-9213-f9b16ceb6e0f,0.5290,"matter:ink|matter:paper",false,false
291bb266-687f-4ca1-a7da-e45c010d7790,3a1a67ed-71b8-483d-bc7f-611710594bba,0.5326,"",false,false
291bb266-687f-4ca1-a7da-e45c010d7790,b3ececeb-b9e2-4131-874c-1a9e8afaa69c,0.5067,"",false,false
291bb266-687f-4ca1-a7da-e45c010d7790,d355b2ea-0ffb-4e6b-9043-9bd957f8fa2f,0.5542,"",false,false
f5082190-f6b3-468f-bda3-6ba9e8c519ea,7b8541cc-1220-4842-92e7-d8bf682b7741,0.5616,"state:nostálgico",false,false
f5082190-f6b3-468f-bda3-6ba9e8c519ea,77d039a0-1709-4794-9cde-07991ce82833,0.5698,"state:fragmentado",false,false
f5082190-f6b3-468f-bda3-6ba9e8c519ea,9836cde7-2b04-410a-bbe8-5ddba64d38b7,0.5427,"",false,false
f5082190-f6b3-468f-bda3-6ba9e8c519ea,71ce5603-a6ce-4357-9eeb-26d9b70a8e24,0.5068,"",false,false
f5082190-f6b3-468f-bda3-6ba9e8c519ea,45728069-60a2-44b9-bcbf-a516dbebb011,0.5791,"state:fragmentado",false,false
f5082190-f6b3-468f-bda3-6ba9e8c519ea,761e88eb-94c6-4af5-a0fc-f2e54de1a128,0.5074,"mov:sobrepondo",false,false
f5082190-f6b3-468f-bda3-6ba9e8c519ea,b3ececeb-b9e2-4131-874c-1a9e8afaa69c,0.5916,"state:fragmentado",false,false
f5082190-f6b3-468f-bda3-6ba9e8c519ea,d355b2ea-0ffb-4e6b-9043-9bd957f8fa2f,0.5387,"",false,false
f5082190-f6b3-468f-bda3-6ba9e8c519ea,f9102c9f-704c-4773-864b-f499ce9cef6e,0.5357,"",false,false
f5082190-f6b3-468f-bda3-6ba9e8c519ea,129f7722-1cbb-47a7-933c-f53e2380b00a,0.5631,"matter:pixels",false,false
f5082190-f6b3-468f-bda3-6ba9e8c519ea,81b7ffce-c586-4e5a-ae1d-7ce76356a1fd,0.5389,"",false,false
f5082190-f6b3-468f-bda3-6ba9e8c519ea,09b4f387-1616-49ed-83df-04d724d4820f,0.5054,"",false,false
f5082190-f6b3-468f-bda3-6ba9e8c519ea,34a4fff2-8fd5-4910-ab50-6c712f8da4cd,0.5719,"",false,false
f5082190-f6b3-468f-bda3-6ba9e8c519ea,5ad46f54-a6e1-41cd-bef0-7b13fefd400b,0.5527,"matter:pixels",false,false
7b8541cc-1220-4842-92e7-d8bf682b7741,77d039a0-1709-4794-9cde-07991ce82833,0.5326,"",false,false
7b8541cc-1220-4842-92e7-d8bf682b7741,9836cde7-2b04-410a-bbe8-5ddba64d38b7,0.6379,"matter:plástico",false,false
7b8541cc-1220-4842-92e7-d8bf682b7741,71ce5603-a6ce-4357-9eeb-26d9b70a8e24,0.5369,"",false,false
7b8541cc-1220-4842-92e7-d8bf682b7741,45728069-60a2-44b9-bcbf-a516dbebb011,0.5054,"",false,false
7b8541cc-1220-4842-92e7-d8bf682b7741,9bb8de15-9509-476d-bfe3-07958868bd36,0.5698,"state:informativo",false,false
7b8541cc-1220-4842-92e7-d8bf682b7741,3a1a67ed-71b8-483d-bc7f-611710594bba,0.5227,"state:informativo",false,false
7b8541cc-1220-4842-92e7-d8bf682b7741,761e88eb-94c6-4af5-a0fc-f2e54de1a128,0.7042,"matter:plástico",true,false
7b8541cc-1220-4842-92e7-d8bf682b7741,b3ececeb-b9e2-4131-874c-1a9e8afaa69c,0.5664,"",false,false
7b8541cc-1220-4842-92e7-d8bf682b7741,d355b2ea-0ffb-4e6b-9043-9bd957f8fa2f,0.5674,"",false,false
7b8541cc-1220-4842-92e7-d8bf682b7741,f9102c9f-704c-4773-864b-f499ce9cef6e,0.6515,"matter:plástico",false,false
7b8541cc-1220-4842-92e7-d8bf682b7741,129f7722-1cbb-47a7-933c-f53e2380b00a,0.6402,"mov:processar",false,false
7b8541cc-1220-4842-92e7-d8bf682b7741,81b7ffce-c586-4e5a-ae1d-7ce76356a1fd,0.5900,"matter:luz",false,false
7b8541cc-1220-4842-92e7-d8bf682b7741,e5320fb2-aec3-4d66-ab76-d75463d19466,0.5819,"",false,false
7b8541cc-1220-4842-92e7-d8bf682b7741,7218cf32-626d-4a24-8724-b242e7b15201,0.5033,"",false,false
7b8541cc-1220-4842-92e7-d8bf682b7741,34a4fff2-8fd5-4910-ab50-6c712f8da4cd,0.6107,"matter:plástico",false,false
7b8541cc-1220-4842-92e7-d8bf682b7741,5ad46f54-a6e1-41cd-bef0-7b13fefd400b,0.6661,"state:informativo|matter:plástico",false,false
77d039a0-1709-4794-9cde-07991ce82833,9836cde7-2b04-410a-bbe8-5ddba64d38b7,0.6175,"",false,false
77d039a0-1709-4794-9cde-07991ce82833,71ce5603-a6ce-4357-9eeb-26d9b70a8e24,0.5965,"",false,false
77d039a0-1709-4794-9cde-07991ce82833,580216a0-1ede-4f95-9213-f9b16ceb6e0f,0.5256,"",false,false
77d039a0-1709-4794-9cde-07991ce82833,45728069-60a2-44b9-bcbf-a516dbebb011,0.5950,"state:fragmentado",false,false
77d039a0-1709-4794-9cde-07991ce82833,9bb8de15-9509-476d-bfe3-07958868bd36,0.5048,"",false,false
77d039a0-1709-4794-9cde-07991ce82833,3a1a67ed-71b8-483d-bc7f-611710594bba,0.5327,"",false,false
77d039a0-1709-4794-9cde-07991ce82833,761e88eb-94c6-4af5-a0fc-f2e54de1a128,0.6657,"",false,false
77d039a0-1709-4794-9cde-07991ce82833,b3ececeb-b9e2-4131-874c-1a9e8afaa69c,0.7722,"state:caótico|state:fragmentado|matter:papel rasgado|mov:sobrepor",true,false
77d039a0-1709-4794-9cde-07991ce82833,d355b2ea-0ffb-4e6b-9043-9bd957f8fa2f,0.6172,"",false,false
77d039a0-1709-4794-9cde-07991ce82833,f9102c9f-704c-4773-864b-f499ce9cef6e,0.5856,"",false,false
77d039a0-1709-4794-9cde-07991ce82833,129f7722-1cbb-47a7-933c-f53e2380b00a,0.5848,"",false,false
77d039a0-1709-4794-9cde-07991ce82833,81b7ffce-c586-4e5a-ae1d-7ce76356a1fd,0.5317,"",false,false
77d039a0-1709-4794-9cde-07991ce82833,e5320fb2-aec3-4d66-ab76-d75463d19466,0.5198,"",false,false
77d039a0-1709-4794-9cde-07991ce82833,09b4f387-1616-49ed-83df-04d724d4820f,0.5016,"",false,false
77d039a0-1709-4794-9cde-07991ce82833,7218cf32-626d-4a24-8724-b242e7b15201,0.7335,"state:caótico",true,false
77d039a0-1709-4794-9cde-07991ce82833,34a4fff2-8fd5-4910-ab50-6c712f8da4cd,0.5611,"",false,false
77d039a0-1709-4794-9cde-07991ce82833,5ad46f54-a6e1-41cd-bef0-7b13fefd400b,0.7090,"mov:reorganizar",true,false
9836cde7-2b04-410a-bbe8-5ddba64d38b7,71ce5603-a6ce-4357-9eeb-26d9b70a8e24,0.5754,"",false,false
9836cde7-2b04-410a-bbe8-5ddba64d38b7,580216a0-1ede-4f95-9213-f9b16ceb6e0f,0.5570,"matter:digital",false,false
9836cde7-2b04-410a-bbe8-5ddba64d38b7,45728069-60a2-44b9-bcbf-a516dbebb011,0.5532,"",false,false
9836cde7-2b04-410a-bbe8-5ddba64d38b7,9bb8de15-9509-476d-bfe3-07958868bd36,0.5691,"",false,false
9836cde7-2b04-410a-bbe8-5ddba64d38b7,761e88eb-94c6-4af5-a0fc-f2e54de1a128,0.7325,"matter:plástico",true,false
9836cde7-2b04-410a-bbe8-5ddba64d38b7,b3ececeb-b9e2-4131-874c-1a9e8afaa69c,0.6034,"",false,false
9836cde7-2b04-410a-bbe8-5ddba64d38b7,d355b2ea-0ffb-4e6b-9043-9bd957f8fa2f,0.5606,"",false,false
9836cde7-2b04-410a-bbe8-5ddba64d38b7,f9102c9f-704c-4773-864b-f499ce9cef6e,0.5918,"matter:plástico",false,false
9836cde7-2b04-410a-bbe8-5ddba64d38b7,129f7722-1cbb-47a7-933c-f53e2380b00a,0.6711,"mov:deslizar|mov:escanear",false,false
9836cde7-2b04-410a-bbe8-5ddba64d38b7,81b7ffce-c586-4e5a-ae1d-7ce76356a1fd,0.5582,"",false,false
9836cde7-2b04-410a-bbe8-5ddba64d38b7,e5320fb2-aec3-4d66-ab76-d75463d19466,0.6037,"state:preciso",false,false
9836cde7-2b04-410a-bbe8-5ddba64d38b7,09b4f387-1616-49ed-83df-04d724d4820f,0.5457,"",false,false
9836cde7-2b04-410a-bbe8-5ddba64d38b7,7218cf32-626d-4a24-8724-b242e7b15201,0.5513,"",false,false
9836cde7-2b04-410a-bbe8-5ddba64d38b7,34a4fff2-8fd5-4910-ab50-6c712f8da4cd,0.6004,"matter:plástico",false,false
9836cde7-2b04-410a-bbe8-5ddba64d38b7,5ad46f54-a6e1-41cd-bef0-7b13fefd400b,0.7524,"matter:plástico",true,false
71ce5603-a6ce-4357-9eeb-26d9b70a8e24,45728069-60a2-44b9-bcbf-a516dbebb011,0.5684,"",false,false
71ce5603-a6ce-4357-9eeb-26d9b70a8e24,9bb8de15-9509-476d-bfe3-07958868bd36,0.5373,"",false,false
71ce5603-a6ce-4357-9eeb-26d9b70a8e24,3a1a67ed-71b8-483d-bc7f-611710594bba,0.5404,"",false,false
71ce5603-a6ce-4357-9eeb-26d9b70a8e24,761e88eb-94c6-4af5-a0fc-f2e54de1a128,0.5140,"",false,false
71ce5603-a6ce-4357-9eeb-26d9b70a8e24,b3ececeb-b9e2-4131-874c-1a9e8afaa69c,0.5884,"",false,false
71ce5603-a6ce-4357-9eeb-26d9b70a8e24,d355b2ea-0ffb-4e6b-9043-9bd957f8fa2f,0.6196,"",false,false
71ce5603-a6ce-4357-9eeb-26d9b70a8e24,f9102c9f-704c-4773-864b-f499ce9cef6e,0.5806,"",false,false
71ce5603-a6ce-4357-9eeb-26d9b70a8e24,129f7722-1cbb-47a7-933c-f53e2380b00a,0.5314,"",false,false
71ce5603-a6ce-4357-9eeb-26d9b70a8e24,81b7ffce-c586-4e5a-ae1d-7ce76356a1fd,0.5527,"",false,false
71ce5603-a6ce-4357-9eeb-26d9b70a8e24,e5320fb2-aec3-4d66-ab76-d75463d19466,0.5199,"",false,false
71ce5603-a6ce-4357-9eeb-26d9b70a8e24,09b4f387-1616-49ed-83df-04d724d4820f,0.5397,"",false,false
71ce5603-a6ce-4357-9eeb-26d9b70a8e24,7218cf32-626d-4a24-8724-b242e7b15201,0.5857,"",false,false
71ce5603-a6ce-4357-9eeb-26d9b70a8e24,34a4fff2-8fd5-4910-ab50-6c712f8da4cd,0.5005,"",false,false
71ce5603-a6ce-4357-9eeb-26d9b70a8e24,5ad46f54-a6e1-41cd-bef0-7b13fefd400b,0.5323,"",false,false
580216a0-1ede-4f95-9213-f9b16ceb6e0f,761e88eb-94c6-4af5-a0fc-f2e54de1a128,0.5524,"",false,false
580216a0-1ede-4f95-9213-f9b16ceb6e0f,129f7722-1cbb-47a7-933c-f53e2380b00a,0.5383,"",false,false
580216a0-1ede-4f95-9213-f9b16ceb6e0f,5ad46f54-a6e1-41cd-bef0-7b13fefd400b,0.5680,"",false,false
45728069-60a2-44b9-bcbf-a516dbebb011,761e88eb-94c6-4af5-a0fc-f2e54de1a128,0.5351,"",false,false
45728069-60a2-44b9-bcbf-a516dbebb011,b3ececeb-b9e2-4131-874c-1a9e8afaa69c,0.5958,"state:fragmentado",false,false
45728069-60a2-44b9-bcbf-a516dbebb011,d355b2ea-0ffb-4e6b-9043-9bd957f8fa2f,0.5532,"",false,false
45728069-60a2-44b9-bcbf-a516dbebb011,f9102c9f-704c-4773-864b-f499ce9cef6e,0.5685,"matter:tinta",false,false
45728069-60a2-44b9-bcbf-a516dbebb011,81b7ffce-c586-4e5a-ae1d-7ce76356a1fd,0.5206,"",false,false
45728069-60a2-44b9-bcbf-a516dbebb011,7218cf32-626d-4a24-8724-b242e7b15201,0.5059,"",false,false
45728069-60a2-44b9-bcbf-a516dbebb011,34a4fff2-8fd5-4910-ab50-6c712f8da4cd,0.5117,"",false,false
9bb8de15-9509-476d-bfe3-07958868bd36,3a1a67ed-71b8-483d-bc7f-611710594bba,0.6153,"state:informativo|mov:pulsar",false,false
9bb8de15-9509-476d-bfe3-07958868bd36,b3ececeb-b9e2-4131-874c-1a9e8afaa69c,0.6040,"state:urgente",false,false
9bb8de15-9509-476d-bfe3-07958868bd36,d355b2ea-0ffb-4e6b-9043-9bd957f8fa2f,0.5575,"",false,false
9bb8de15-9509-476d-bfe3-07958868bd36,f9102c9f-704c-4773-864b-f499ce9cef6e,0.6535,"matter:luz neon",false,false
9bb8de15-9509-476d-bfe3-07958868bd36,129f7722-1cbb-47a7-933c-f53e2380b00a,0.5404,"",false,false
9bb8de15-9509-476d-bfe3-07958868bd36,81b7ffce-c586-4e5a-ae1d-7ce76356a1fd,0.5720,"",false,false
9bb8de15-9509-476d-bfe3-07958868bd36,e5320fb2-aec3-4d66-ab76-d75463d19466,0.5591,"",false,false
9bb8de15-9509-476d-bfe3-07958868bd36,09b4f387-1616-49ed-83df-04d724d4820f,0.6811,"mov:pulsar",false,false
9bb8de15-9509-476d-bfe3-07958868bd36,7218cf32-626d-4a24-8724-b242e7b15201,0.5653,"",false,false
9bb8de15-9509-476d-bfe3-07958868bd36,34a4fff2-8fd5-4910-ab50-6c712f8da4cd,0.5122,"",false,false
9bb8de15-9509-476d-bfe3-07958868bd36,5ad46f54-a6e1-41cd-bef0-7b13fefd400b,0.5488,"state:informativo",false,false
3a1a67ed-71b8-483d-bc7f-611710594bba,b3ececeb-b9e2-4131-874c-1a9e8afaa69c,0.5454,"",false,false
3a1a67ed-71b8-483d-bc7f-611710594bba,d355b2ea-0ffb-4e6b-9043-9bd957f8fa2f,0.5872,"",false,false
3a1a67ed-71b8-483d-bc7f-611710594bba,f9102c9f-704c-4773-864b-f499ce9cef6e,0.5947,"",false,false
3a1a67ed-71b8-483d-bc7f-611710594bba,81b7ffce-c586-4e5a-ae1d-7ce76356a1fd,0.5976,"",false,false
3a1a67ed-71b8-483d-bc7f-611710594bba,09b4f387-1616-49ed-83df-04d724d4820f,0.6011,"mov:pulsar",false,false
3a1a67ed-71b8-483d-bc7f-611710594bba,7218cf32-626d-4a24-8724-b242e7b15201,0.5895,"",false,false
3a1a67ed-71b8-483d-bc7f-611710594bba,34a4fff2-8fd5-4910-ab50-6c712f8da4cd,0.5204,"",false,false
3a1a67ed-71b8-483d-bc7f-611710594bba,5ad46f54-a6e1-41cd-bef0-7b13fefd400b,0.5319,"state:informativo",false,false
761e88eb-94c6-4af5-a0fc-f2e54de1a128,b3ececeb-b9e2-4131-874c-1a9e8afaa69c,0.5902,"",false,false
761e88eb-94c6-4af5-a0fc-f2e54de1a128,d355b2ea-0ffb-4e6b-9043-9bd957f8fa2f,0.5624,"",false,false
761e88eb-94c6-4af5-a0fc-f2e54de1a128,f9102c9f-704c-4773-864b-f499ce9cef6e,0.5777,"matter:plástico",false,false
761e88eb-94c6-4af5-a0fc-f2e54de1a128,129f7722-1cbb-47a7-933c-f53e2380b00a,0.6325,"matter:papel",false,false
761e88eb-94c6-4af5-a0fc-f2e54de1a128,81b7ffce-c586-4e5a-ae1d-7ce76356a1fd,0.5307,"",false,false
761e88eb-94c6-4af5-a0fc-f2e54de1a128,e5320fb2-aec3-4d66-ab76-d75463d19466,0.5644,"",false,false
761e88eb-94c6-4af5-a0fc-f2e54de1a128,7218cf32-626d-4a24-8724-b242e7b15201,0.5097,"",false,false
761e88eb-94c6-4af5-a0fc-f2e54de1a128,34a4fff2-8fd5-4910-ab50-6c712f8da4cd,0.6432,"matter:plástico|mov:organizando",false,false
761e88eb-94c6-4af5-a0fc-f2e54de1a128,5ad46f54-a6e1-41cd-bef0-7b13fefd400b,0.7798,"state:organizado|matter:plástico|matter:papel",true,false
b3ececeb-b9e2-4131-874c-1a9e8afaa69c,d355b2ea-0ffb-4e6b-9043-9bd957f8fa2f,0.6191,"",false,false
b3ececeb-b9e2-4131-874c-1a9e8afaa69c,f9102c9f-704c-4773-864b-f499ce9cef6e,0.5730,"",false,false
b3ececeb-b9e2-4131-874c-1a9e8afaa69c,129f7722-1cbb-47a7-933c-f53e2380b00a,0.5803,"",false,false
b3ececeb-b9e2-4131-874c-1a9e8afaa69c,81b7ffce-c586-4e5a-ae1d-7ce76356a1fd,0.5396,"",false,false
b3ececeb-b9e2-4131-874c-1a9e8afaa69c,e5320fb2-aec3-4d66-ab76-d75463d19466,0.5205,"",false,false
b3ececeb-b9e2-4131-874c-1a9e8afaa69c,09b4f387-1616-49ed-83df-04d724d4820f,0.5786,"matter:ruído visual",false,false
b3ececeb-b9e2-4131-874c-1a9e8afaa69c,7218cf32-626d-4a24-8724-b242e7b15201,0.7140,"state:caótico",true,false
b3ececeb-b9e2-4131-874c-1a9e8afaa69c,34a4fff2-8fd5-4910-ab50-6c712f8da4cd,0.5167,"",false,false
b3ececeb-b9e2-4131-874c-1a9e8afaa69c,5ad46f54-a6e1-41cd-bef0-7b13fefd400b,0.5635,"",false,false
d355b2ea-0ffb-4e6b-9043-9bd957f8fa2f,f9102c9f-704c-4773-864b-f499ce9cef6e,0.7197,"",true,false
d355b2ea-0ffb-4e6b-9043-9bd957f8fa2f,129f7722-1cbb-47a7-933c-f53e2380b00a,0.5348,"",false,false
d355b2ea-0ffb-4e6b-9043-9bd957f8fa2f,81b7ffce-c586-4e5a-ae1d-7ce76356a1fd,0.5689,"",false,false
d355b2ea-0ffb-4e6b-9043-9bd957f8fa2f,e5320fb2-aec3-4d66-ab76-d75463d19466,0.5153,"",false,false
d355b2ea-0ffb-4e6b-9043-9bd957f8fa2f,09b4f387-1616-49ed-83df-04d724d4820f,0.5526,"",false,false
d355b2ea-0ffb-4e6b-9043-9bd957f8fa2f,7218cf32-626d-4a24-8724-b242e7b15201,0.6662,"",false,false
d355b2ea-0ffb-4e6b-9043-9bd957f8fa2f,34a4fff2-8fd5-4910-ab50-6c712f8da4cd,0.5639,"",false,false
d355b2ea-0ffb-4e6b-9043-9bd957f8fa2f,5ad46f54-a6e1-41cd-bef0-7b13fefd400b,0.5700,"",false,false
f9102c9f-704c-4773-864b-f499ce9cef6e,129f7722-1cbb-47a7-933c-f53e2380b00a,0.5383,"",false,false
f9102c9f-704c-4773-864b-f499ce9cef6e,81b7ffce-c586-4e5a-ae1d-7ce76356a1fd,0.6038,"",false,false
f9102c9f-704c-4773-864b-f499ce9cef6e,e5320fb2-aec3-4d66-ab76-d75463d19466,0.5433,"",false,false
f9102c9f-704c-4773-864b-f499ce9cef6e,09b4f387-1616-49ed-83df-04d724d4820f,0.6336,"",false,false
f9102c9f-704c-4773-864b-f499ce9cef6e,7218cf32-626d-4a24-8724-b242e7b15201,0.5990,"",false,false
f9102c9f-704c-4773-864b-f499ce9cef6e,34a4fff2-8fd5-4910-ab50-6c712f8da4cd,0.5852,"matter:plástico",false,false
f9102c9f-704c-4773-864b-f499ce9cef6e,5ad46f54-a6e1-41cd-bef0-7b13fefd400b,0.5684,"matter:plástico",false,false
129f7722-1cbb-47a7-933c-f53e2380b00a,81b7ffce-c586-4e5a-ae1d-7ce76356a1fd,0.5374,"",false,false
129f7722-1cbb-47a7-933c-f53e2380b00a,e5320fb2-aec3-4d66-ab76-d75463d19466,0.6700,"",false,false
129f7722-1cbb-47a7-933c-f53e2380b00a,09b4f387-1616-49ed-83df-04d724d4820f,0.5123,"",false,false
129f7722-1cbb-47a7-933c-f53e2380b00a,34a4fff2-8fd5-4910-ab50-6c712f8da4cd,0.6287,"state:digital",false,false
129f7722-1cbb-47a7-933c-f53e2380b00a,5ad46f54-a6e1-41cd-bef0-7b13fefd400b,0.6657,"matter:pixels|matter:papel",false,false
81b7ffce-c586-4e5a-ae1d-7ce76356a1fd,09b4f387-1616-49ed-83df-04d724d4820f,0.5880,"",false,false
81b7ffce-c586-4e5a-ae1d-7ce76356a1fd,7218cf32-626d-4a24-8724-b242e7b15201,0.5468,"",false,false
81b7ffce-c586-4e5a-ae1d-7ce76356a1fd,34a4fff2-8fd5-4910-ab50-6c712f8da4cd,0.5031,"",false,false
81b7ffce-c586-4e5a-ae1d-7ce76356a1fd,5ad46f54-a6e1-41cd-bef0-7b13fefd400b,0.5264,"",false,false
e5320fb2-aec3-4d66-ab76-d75463d19466,34a4fff2-8fd5-4910-ab50-6c712f8da4cd,0.5357,"",false,false
e5320fb2-aec3-4d66-ab76-d75463d19466,5ad46f54-a6e1-41cd-bef0-7b13fefd400b,0.5553,"",false,false
09b4f387-1616-49ed-83df-04d724d4820f,7218cf32-626d-4a24-8724-b242e7b15201,0.5802,"",false,false
09b4f387-1616-49ed-83df-04d724d4820f,34a4fff2-8fd5-4910-ab50-6c712f8da4cd,0.5018,"",false,false
7218cf32-626d-4a24-8724-b242e7b15201,34a4fff2-8fd5-4910-ab50-6c712f8da4cd,0.5028,"",false,false
7218cf32-626d-4a24-8724-b242e7b15201,5ad46f54-a6e1-41cd-bef0-7b13fefd400b,0.5225,"",false,false
34a4fff2-8fd5-4910-ab50-6c712f8da4cd,5ad46f54-a6e1-41cd-bef0-7b13fefd400b,0.7466,"matter:plástico",true,false