node_id,canonical_text,top_signals_state,top_signals_matter,top_signals_movement,embedding_ok
29c4cb5d-1832-45e3-8434-5d619b3c2c72,"state: impactante, preciso, moderno | matter: espaço, vetor, silhueta | movement: expansão, centralização, definição","impactante|preciso|moderno","espaço|vetor|silhueta","expansão|centralização|definição",true
df9dcc5e-e809-4ffe-933a-8d6772a72800,"state: provocante, intenso, agressivo | matter: vinil, tinta fresca, ruído digital | movement: sorrir, fixar, apontar","provocante|intenso|agressivo","vinil|tinta fresca|ruído digital","sorrir|fixar|apontar",true
b8ace381-cb66-4aa2-b93b-51f1386e7c5f,"state: ousado, moderno, declarativo | matter: acrílico, metal escovado, papel grosso | movement: ancorar, definir, moldar","ousado|moderno|declarativo","acrílico|metal escovado|papel grosso","ancorar|definir|moldar",true
0c7401e0-31ff-414b-a1a5-37788125a8d4,"state: ousado, energético, impactante | matter: plástico liso, vinil brilhante, cores sólidas | movement: saltar, chamar, declarar","ousado|energético|impactante","plástico liso|vinil brilhante|cores sólidas","saltar|chamar|declarar",true
1a4e4133-08d3-4676-948c-d018846cde04,"state: vibrante, chamativo, energético | matter: plástico, vinil, elétrico | movement: saltar, deslizar, pulsar","vibrante|chamativo|energético","plástico|vinil|elétrico","saltar|deslizar|pulsar",true
de05fcf5-afb4-423c-82c2-c9ebb81673ae,"state: digital, glitchy, formal | matter: pixels, neon, data | movement: pulsar, fragmentar, oscilar","digital|glitchy|formal","pixels|neon|data","pulsar|fragmentar|oscilar",true
559edd31-01ed-47f0-a5f2-a20b4c07cdde,"state: alegre, acolhedor, simples | matter: açúcar, algodão, calor | movement: correr, acender, oferecer","alegre|acolhedor|simples","açúcar|algodão|calor","correr|acender|oferecer",true
96203f8c-e3e8-4966-9c3d-f7ac9168f992,"state: lúdico, acolhedor, gentil | matter: feltro macio, borracha, massa de modelar | movement: saltitar, flutuar, acolher","lúdico|acolhedor|gentil","feltro macio|borracha|massa de modelar","saltitar|flutuar|acolher",true
24285c4c-372c-4857-8c1c-658ba0a4b647,"state: fragmentado, dinâmico, experimental | matter: ruído digital, grão de halftones, vetor elétrico | movement: explodir, pulsar, deslizar","fragmentado|dinâmico|experimental","ruído digital|grão de halftones|vetor elétrico","explodir|pulsar|deslizar",true
0ebe866b-c55b-4e71-bcde-e5fcd7284fb9,"state: caótico, surreal, energético | matter: poeira digital, luz neon, papel granulado | movement: pulsar, desfocar, sobrepor","caótico|surreal|energético","poeira digital|luz neon|papel granulado","pulsar|desfocar|sobrepor",true
61bf0b1b-bca2-4604-9036-c3006b1a9a4a,"state: formal, cerebral, objetivo | matter: papel, tinta, rigidez | movement: ancorar, registrar, declarar","formal|cerebral|objetivo","papel|tinta|rigidez","ancorar|registrar|declarar",true
eb61265a-fc7c-4f4f-89b7-ce94f8a7b8e5,"state: noite urbana, caótica, vibrante | matter: metal, chuva, luz neon | movement: iluminar, desfocar, sobrepor","noite urbana|caótica|vibrante","metal|chuva|luz neon","iluminar|desfocar|sobrepor",true
a462e427-6593-4b04-8909-07003b8a76e9,"state: digital, energetic, informational | matter: neon glow, digital grid, bold typography | movement: pulsating, scrolling, aligning","digital|energetic|informational","neon glow|digital grid|bold typography","pulsating|scrolling|aligning",true
68830f51-7115-4dde-ac53-f6d8be34de1b,"state: intense, abstract, minimalist | matter: digital light, static energy, processed air | movement: fading, shimmering, pulsing","intense|abstract|minimalist","digital light|static energy|processed air","fading|shimmering|pulsing",true
7d372b41-9eec-48d5-97fd-28c556d7475a,"state: analítico, digital, texturizado | matter: pixel, caracteres, dados | movement: processando, renderizando, desenhando","analítico|digital|texturizado","pixel|caracteres|dados","processando|renderizando|desenhando",true
39b12e1b-50ba-4376-bb72-05d53d815686,"state: iridescente, digital, estudioso | matter: plástico, luz difusa, papel virtual | movement: difundindo, desdobrando, circulando","iridescente|digital|estudioso","plástico|luz difusa|papel virtual","difundindo|desdobrando|circulando",true
c4a20d0b-3ee6-417d-962f-ac80bfaed2ef,"state: eletrizante, festivo, urgente | matter: energia, luz neon, pulso digital | movement: pulsar, irradiar, girar","eletrizante|festivo|urgente","energia|luz neon|pulso digital","pulsar|irradiar|girar",true
5ed94bf1-6de4-4233-9aee-9fbe1482502c,"state: dinâmico, assertivo, energético | matter: tinta vívida, ouro escuro, pixelado | movement: avançar, galopar, saltar","dinâmico|assertivo|energético","tinta vívida|ouro escuro|pixelado","avançar|galopar|saltar",true
6db3da82-b45f-40f0-a543-3f1937a9b77d,"state: introspectivo, sensual, melancólico | matter: veludo, pétala, sombra | movement: sussurrar, desabrochar, contemplar","introspectivo|sensual|melancólico","veludo|pétala|sombra","sussurrar|desabrochar|contemplar",true
b94dea90-0a9d-4b59-9fbc-535749306fd2,"state: desorientador, digitalmente fragmentado, nostálgico confuso | matter: glitch, pixels, pelo digital | movement: corrompendo, fragmentando, pixelizando","desorientador|digitalmente fragmentado|nostálgico confuso","glitch|pixels|pelo digital","corrompendo|fragmentando|pixelizando",true
0c5c54c4-92bf-4d2b-8e84-833bcc4c4de4,"state: melancólico, reflexivo, misterioso | matter: neblina, fumaça, vinil | movement: sussurrar, diluir, ondular","melancólico|reflexivo|misterioso","neblina|fumaça|vinil","sussurrar|diluir|ondular",true
c374c250-2e51-4b59-906d-3bd36e009aa8,"state: lúdico, brilhante, descolado | matter: holográfico, prateado, iridescente | movement: cintilar, ondular, brilhar","lúdico|brilhante|descolado","holográfico|prateado|iridescente","cintilar|ondular|brilhar",true
009e1ba9-0676-4a07-99df-cbb5564f3c57,"state: caótico, vertiginoso, fragmentado | matter: vidro quebrado, energia vibrante, metais frios | movement: girando, pulsando, rasgando","caótico|vertiginoso|fragmentado","vidro quebrado|energia vibrante|metais frios","girando|pulsando|rasgando",true
c3cd49f1-d0e2-478b-ab04-8e079f1b513b,"state: nostálgico, energético, urbano | matter: vinil brilhante, luz de neon, energia sonora | movement: pulsa, brilha, vibra","nostálgico|energético|urbano","vinil brilhante|luz de neon|energia sonora","pulsa|brilha|vibra",true
5401cb7c-08da-446a-b4c1-40989be206ca,"state: intrigante, distrativo, artístico | matter: papel, tinta, fio | movement: sobrepor, empilhar, desdobrar","intrigante|distrativo|artístico","papel|tinta|fio","sobrepor|empilhar|desdobrar",true
90c72c62-9fdd-4ca2-bc89-b327b78c5fc0,"state: intenso, enigmático, urbano | matter: tinta vibrante, papel texturizado, informação gráfica | movement: sobrepor, fragmentar, comunicar","intenso|enigmático|urbano","tinta vibrante|papel texturizado|informação gráfica","sobrepor|fragmentar|comunicar",true
a78037ec-26b1-4540-a7c6-afe34f390975,"state: descolado, informativo, descontraído | matter: tinta, papel, energia | movement: anunciar, desdobrar, informar","descolado|informativo|descontraído","tinta|papel|energia","anunciar|desdobrar|informar",true
5e238faf-b677-483a-8b3a-e1c4fcf6479f,"state: intenso, confrontador, declarativo | matter: tinta, papel, impacto | movement: chocar, impor, revelar","intenso|confrontador|declarativo","tinta|papel|impacto","chocar|impor|revelar",true
27891bd3-a828-45a4-bf5a-6b7a8105565c,"state: estático, técnico, informativo | matter: pixels, dados, sinais | movement: exibir, registrar, processar","estático|técnico|informativo","pixels|dados|sinais","exibir|registrar|processar",true
291bb266-687f-4ca1-a7da-e45c010d7790,"state: intense, vibrant, chaotic | matter: ink, paper, ink stain | movement: staring, pulsing, layering","intense|vibrant|chaotic","ink|paper|ink stain","staring|pulsing|layering",true
f5082190-f6b3-468f-bda3-6ba9e8c519ea,"state: fragmentado, glitch, nostálgico | matter: pixels, glitch, óleo | movement: falhando, corrompendo, sobrepondo","fragmentado|glitch|nostálgico","pixels|glitch|óleo","falhando|corrompendo|sobrepondo",true
7b8541cc-1220-4842-92e7-d8bf682b7741,"state: nostálgico, informativo, retro | matter: plástico, vidro, luz | movement: exibir, carregar, processar","nostálgico|informativo|retro","plástico|vidro|luz","exibir|carregar|processar",true
77d039a0-1709-4794-9cde-07991ce82833,"state: caótico, efervescente, fragmentado | matter: papel rasgado, tinta spray, colagem digital | movement: sobrepor, cortar, reorganizar","caótico|efervescente|fragmentado","papel rasgado|tinta spray|colagem digital","sobrepor|cortar|reorganizar",true
9836cde7-2b04-410a-bbe8-5ddba64d38b7,"state: preciso, ordenado, sintético | matter: plástico, digital, sintético | movement: deslizar, ancorar, escanear","preciso|ordenado|sintético","plástico|digital|sintético","deslizar|ancorar|escanear",true
71ce5603-a6ce-4357-9eeb-26d9b70a8e24,"state: impactante, desafiador, abstrato | matter: tinta densa, espaço negativo, contorno | movement: escalar, interligar, contornar","impactante|desafiador|abstrato","tinta densa|espaço negativo|contorno","escalar|interligar|contornar",true
580216a0-1ede-4f95-9213-f9b16ceb6e0f,"state: formal, declarative, organized | matter: ink, paper, digital | movement: imposing, labeling, cataloging","formal|declarative|organized","ink|paper|digital","imposing|labeling|cataloging",true
45728069-60a2-44b9-bcbf-a516dbebb011,"state: orgânico, propagante, fragmentado | matter: esporos, tinta, poeira | movement: crescendo, espalhando, brotando","orgânico|propagante|fragmentado","esporos|tinta|poeira","crescendo|espalhando|brotando",true
9bb8de15-9509-476d-bfe3-07958868bd36,"state: intenso, urgente, informativo | matter: luz neon, onda digital, fluxo de dados | movement: pulsar, transmitir, bombardear","intenso|urgente|informativo","luz neon|onda digital|fluxo de dados","pulsar|transmitir|bombardear",true
3a1a67ed-71b8-483d-bc7f-611710594bba,"state: vibrante, informativo, cultural | matter: grão dourado, tinta fosca, papel texturizado | movement: pulsar, fluir, circular","vibrante|informativo|cultural","grão dourado|tinta fosca|papel texturizado","pulsar|fluir|circular",true
761e88eb-94c6-4af5-a0fc-f2e54de1a128,"state: organizado, coletivo, estilizado | matter: plástico, papel, ar | movement: deslizando, sobrepondo, organizando","organizado|coletivo|estilizado","plástico|papel|ar","deslizando|sobrepondo|organizando",true
b3ececeb-b9e2-4131-874c-1a9e8afaa69c,"state: caótico, fragmentado, urgente | matter: tinta fresca, papel rasgado, ruído visual | movement: sobrepor, sangrar, pulverizar","caótico|fragmentado|urgente","tinta fresca|papel rasgado|ruído visual","sobrepor|sangrar|pulverizar",true
d355b2ea-0ffb-4e6b-9043-9bd957f8fa2f,"state: enérgico, descontraído, divertido | matter: tinta vibrante, papel liso, memória pop | movement: saltar, dançar, chamar","enérgico|descontraído|divertido","tinta vibrante|papel liso|memória pop","saltar|dançar|chamar",true
f9102c9f-704c-4773-864b-f499ce9cef6e,"state: energético, artesanal, enigmático | matter: tinta, plástico, luz neon | movement: pulsa, borra, traça","energético|artesanal|enigmático","tinta|plástico|luz neon","pulsa|borra|traça",true
129f7722-1cbb-47a7-933c-f53e2380b00a,"state: digital, futurista, funcional | matter: pixels, papel, circuito | movement: escanear, processar, deslizar","digital|futurista|funcional","pixels|papel|circuito","escanear|processar|deslizar",true
81b7ffce-c586-4e5a-ae1d-7ce76356a1fd,"state: evocativo, refinado, moderno | matter: luz, design, elegância | movement: flutuar, surgir, revelar","evocativo|refinado|moderno","luz|design|elegância","flutuar|surgir|revelar",true
e5320fb2-aec3-4d66-ab76-d75463d19466,"state: analítico, técnico, preciso | matter: circuitos, dados, esquema | movement: calculando, rotulando, processando","analítico|técnico|preciso","circuitos|dados|esquema","calculando|rotulando|processando",true
09b4f387-1616-49ed-83df-04d724d4820f,"state: tenso, frenético, urbano | matter: neon, asfalto molhado, ruído visual | movement: pulsar, desmoronar, inundar","tenso|frenético|urbano","neon|asfalto molhado|ruído visual","pulsar|desmoronar|inundar",true
7218cf32-626d-4a24-8724-b242e7b15201,"state: inquietante, caótico, agressivo | matter: tinta barata, papel velho, ruído digital | movement: gritar, ameaçar, colidir","inquietante|caótico|agressivo","tinta barata|papel velho|ruído digital","gritar|ameaçar|colidir",true
34a4fff2-8fd5-4910-ab50-6c712f8da4cd,"state: alegre, educacional, digital | matter: plástico, pixelado, vetorizado | movement: brilhando, notificando, organizando","alegre|educacional|digital","plástico|pixelado|vetorizado","brilhando|notificando|organizando",true
5ad46f54-a6e1-41cd-bef0-7b13fefd400b,"state: organizado, minimalista, informativo | matter: papel, plástico, pixels | movement: conectar, apresentar, reorganizar","organizado|minimalista|informativo","papel|plástico|pixels","conectar|apresentar|reorganizar",true