source,target,weight,layers,sim_state,sim_matter,sim_move,overlap_state,overlap_matter,overlap_move,is_rescue
df9dcc5e-e809-4ffe-933a-8d6772a72800,5ed94bf1-6de4-4233-9aee-9fbe1482502c,0.7257,"state|matter",0.77,0.68,0.55,0,0,0,false
df9dcc5e-e809-4ffe-933a-8d6772a72800,7218cf32-626d-4a24-8724-b242e7b15201,0.7835,"state|matter",0.82,0.75,0.50,1,1,0,false
b8ace381-cb66-4aa2-b93b-51f1386e7c5f,61bf0b1b-bca2-4604-9036-c3006b1a9a4a,0.7414,"matter|movement",0.63,0.78,0.71,0,0,1,false
0c7401e0-31ff-414b-a1a5-37788125a8d4,1a4e4133-08d3-4676-948c-d018846cde04,0.7509,"state|matter|movement",0.74,0.79,0.72,1,0,1,false
0c7401e0-31ff-414b-a1a5-37788125a8d4,5ed94bf1-6de4-4233-9aee-9fbe1482502c,0.7214,"state|matter|movement",0.81,0.66,0.70,1,0,1,false
0c7401e0-31ff-414b-a1a5-37788125a8d4,d355b2ea-0ffb-4e6b-9043-9bd957f8fa2f,0.7356,"state|matter|movement",0.74,0.71,0.76,0,0,2,false
0c7401e0-31ff-414b-a1a5-37788125a8d4,f9102c9f-704c-4773-864b-f499ce9cef6e,0.7541,"state|matter",0.73,0.78,0.52,1,0,0,false
1a4e4133-08d3-4676-948c-d018846cde04,0ebe866b-c55b-4e71-bcde-e5fcd7284fb9,0.7646,"state|movement",0.70,0.63,0.83,1,0,1,false
1a4e4133-08d3-4676-948c-d018846cde04,5ed94bf1-6de4-4233-9aee-9fbe1482502c,0.7287,"state|movement",0.77,0.54,0.69,1,0,1,false
1a4e4133-08d3-4676-948c-d018846cde04,9836cde7-2b04-410a-bbe8-5ddba64d38b7,0.7358,"matter|movement",0.55,0.78,0.69,0,1,1,false
de05fcf5-afb4-423c-82c2-c9ebb81673ae,9bb8de15-9509-476d-bfe3-07958868bd36,0.7293,"matter|movement",0.39,0.75,0.71,0,0,1,false
24285c4c-372c-4857-8c1c-658ba0a4b647,0ebe866b-c55b-4e71-bcde-e5fcd7284fb9,0.7560,"matter|movement",0.65,0.70,0.81,0,0,1,false
0ebe866b-c55b-4e71-bcde-e5fcd7284fb9,9bb8de15-9509-476d-bfe3-07958868bd36,0.7881,"matter|movement",0.54,0.79,0.78,0,1,1,false
0ebe866b-c55b-4e71-bcde-e5fcd7284fb9,f9102c9f-704c-4773-864b-f499ce9cef6e,0.7321,"state|matter|movement",0.80,0.74,0.66,1,1,0,false
0ebe866b-c55b-4e71-bcde-e5fcd7284fb9,09b4f387-1616-49ed-83df-04d724d4820f,0.7553,"matter|movement",0.62,0.75,0.76,0,0,1,false
61bf0b1b-bca2-4604-9036-c3006b1a9a4a,580216a0-1ede-4f95-9213-f9b16ceb6e0f,0.7518,"state|matter",0.69,0.81,0.48,1,2,0,false
7d372b41-9eec-48d5-97fd-28c556d7475a,e5320fb2-aec3-4d66-ab76-d75463d19466,0.7478,"state|movement",0.71,0.59,0.79,1,1,1,false
39b12e1b-50ba-4376-bb72-05d53d815686,761e88eb-94c6-4af5-a0fc-f2e54de1a128,0.7360,"matter|movement",0.48,0.78,0.70,0,1,0,false
c4a20d0b-3ee6-417d-962f-ac80bfaed2ef,9bb8de15-9509-476d-bfe3-07958868bd36,0.7666,"state|matter|movement",0.74,0.81,0.75,1,1,1,false
c4a20d0b-3ee6-417d-962f-ac80bfaed2ef,09b4f387-1616-49ed-83df-04d724d4820f,0.7146,"matter|movement",0.57,0.66,0.77,0,0,1,false
5ed94bf1-6de4-4233-9aee-9fbe1482502c,d355b2ea-0ffb-4e6b-9043-9bd957f8fa2f,0.7569,"state|matter|movement",0.78,0.69,0.80,0,0,1,false
6db3da82-b45f-40f0-a543-3f1937a9b77d,0c5c54c4-92bf-4d2b-8e84-833bcc4c4de4,0.8116,"state|movement",0.89,0.58,0.73,1,0,1,false
b94dea90-0a9d-4b59-9fbc-535749306fd2,f5082190-f6b3-468f-bda3-6ba9e8c519ea,0.7648,"state|matter|movement",0.75,0.86,0.69,0,2,1,false
009e1ba9-0676-4a07-99df-cbb5564f3c57,45728069-60a2-44b9-bcbf-a516dbebb011,0.7046,"state|movement",0.66,0.54,0.75,1,0,0,false
c3cd49f1-d0e2-478b-ab04-8e079f1b513b,f9102c9f-704c-4773-864b-f499ce9cef6e,0.7733,"state|matter|movement",0.72,0.75,0.85,1,0,1,false
c3cd49f1-d0e2-478b-ab04-8e079f1b513b,09b4f387-1616-49ed-83df-04d724d4820f,0.7015,"state|matter",0.65,0.75,0.57,1,0,0,false
5401cb7c-08da-446a-b4c1-40989be206ca,77d039a0-1709-4794-9cde-07991ce82833,0.7144,"matter|movement",0.61,0.65,0.78,0,0,1,false
5401cb7c-08da-446a-b4c1-40989be206ca,b3ececeb-b9e2-4131-874c-1a9e8afaa69c,0.7404,"matter|movement",0.56,0.69,0.79,0,0,1,false
90c72c62-9fdd-4ca2-bc89-b327b78c5fc0,d355b2ea-0ffb-4e6b-9043-9bd957f8fa2f,0.7525,"state|matter",0.71,0.80,0.52,0,1,0,false
5e238faf-b677-483a-8b3a-e1c4fcf6479f,291bb266-687f-4ca1-a7da-e45c010d7790,0.7636,"state|matter",0.77,0.76,0.39,1,2,0,false
291bb266-687f-4ca1-a7da-e45c010d7790,77d039a0-1709-4794-9cde-07991ce82833,0.7110,"state|matter",0.75,0.67,0.40,1,0,0,false
7b8541cc-1220-4842-92e7-d8bf682b7741,761e88eb-94c6-4af5-a0fc-f2e54de1a128,0.7042,"matter|movement",0.57,0.76,0.65,0,1,0,false
77d039a0-1709-4794-9cde-07991ce82833,b3ececeb-b9e2-4131-874c-1a9e8afaa69c,0.7722,"state|matter|movement",0.82,0.78,0.72,2,1,1,false
77d039a0-1709-4794-9cde-07991ce82833,7218cf32-626d-4a24-8724-b242e7b15201,0.7335,"state|matter",0.68,0.79,0.45,1,0,0,false
77d039a0-1709-4794-9cde-07991ce82833,5ad46f54-a6e1-41cd-bef0-7b13fefd400b,0.7090,"matter|movement",0.52,0.66,0.75,0,0,1,false
9836cde7-2b04-410a-bbe8-5ddba64d38b7,761e88eb-94c6-4af5-a0fc-f2e54de1a128,0.7325,"state|matter|movement",0.70,0.76,0.74,0,1,0,false
9836cde7-2b04-410a-bbe8-5ddba64d38b7,5ad46f54-a6e1-41cd-bef0-7b13fefd400b,0.7524,"state|matter",0.71,0.79,0.57,0,1,0,false
761e88eb-94c6-4af5-a0fc-f2e54de1a128,5ad46f54-a6e1-41cd-bef0-7b13fefd400b,0.7798,"state|matter|movement",0.81,0.81,0.72,1,2,0,false
b3ececeb-b9e2-4131-874c-1a9e8afaa69c,7218cf32-626d-4a24-8724-b242e7b15201,0.7140,"state|matter",0.66,0.77,0.53,1,0,0,false
d355b2ea-0ffb-4e6b-9043-9bd957f8fa2f,f9102c9f-704c-4773-864b-f499ce9cef6e,0.7197,"state|matter",0.75,0.69,0.62,0,0,0,false
34a4fff2-8fd5-4910-ab50-6c712f8da4cd,5ad46f54-a6e1-41cd-bef0-7b13fefd400b,0.7466,"matter|movement",0.54,0.80,0.70,0,1,0,false
eb61265a-fc7c-4f4f-89b7-ce94f8a7b8e5,0ebe866b-c55b-4e71-bcde-e5fcd7284fb9,0.6690,"knn_rescue",0.00,0.00,0.00,0,0,0,true
a78037ec-26b1-4540-a7c6-afe34f390975,5ad46f54-a6e1-41cd-bef0-7b13fefd400b,0.6804,"knn_rescue",0.00,0.00,0.00,0,0,0,true
71ce5603-a6ce-4357-9eeb-26d9b70a8e24,0c7401e0-31ff-414b-a1a5-37788125a8d4,0.6766,"knn_rescue",0.00,0.00,0.00,0,0,0,true
3a1a67ed-71b8-483d-bc7f-611710594bba,0ebe866b-c55b-4e71-bcde-e5fcd7284fb9,0.6606,"knn_rescue",0.00,0.00,0.00,0,0,0,true
129f7722-1cbb-47a7-933c-f53e2380b00a,7d372b41-9eec-48d5-97fd-28c556d7475a,0.6958,"knn_rescue",0.00,0.00,0.00,0,0,0,true